PRAGMA foreign_keys=OFF;
BEGIN TRANSACTION;
CREATE TABLE android_metadata (locale TEXT);
INSERT INTO android_metadata VALUES('en_US');
CREATE TABLE table_entries (id INTEGER PRIMARY KEY AUTOINCREMENT, minute INTEGER, hour INTEGER, day INTEGER, month INTEGER, year INTEGER, date_time INTEGER, time_zone_offset INTEGER, mood INTEGER, note TEXT);
INSERT INTO table_entries VALUES(1,0,19,5,10,2018,1541462411285,-18000000,3,replace('Headache 0\nTook aimovig','\n',char(10)));
INSERT INTO table_entries VALUES(2,30,17,5,10,2018,1541457048301,-18000000,3,replace('Headache 1\nNeck pain 0','\n',char(10)));
INSERT INTO table_entries VALUES(3,0,15,5,10,2018,1541448011295,-18000000,3,replace('Headache 3\nneck pain 3\nTook maxalt, Tylenol','\n',char(10)));
INSERT INTO table_entries VALUES(4,12,13,5,10,2018,1541441557943,-18000000,3,replace('Headache 2\nNeck pain 2','\n',char(10)));
INSERT INTO table_entries VALUES(5,0,7,5,10,2018,1541419201730,-18000000,3,replace('Start new headache scale\nHeadache 1','\n',char(10)));
INSERT INTO table_entries VALUES(6,2,7,4,10,2018,1541332948232,-18000000,3,replace('Headache 1.5\nNeck pain 2','\n',char(10)));
INSERT INTO table_entries VALUES(7,2,7,3,10,2018,1541242935260,-14400000,3,replace('Headache 1.5\nNeck pain 2','\n',char(10)));
INSERT INTO table_entries VALUES(8,1,7,2,10,2018,1541156506939,-14400000,3,replace('Headache 1.5\nNeck pain 2','\n',char(10)));
INSERT INTO table_entries VALUES(9,0,10,1,10,2018,1541080805833,-14400000,3,replace('Headache 1.5\nTook maxalt\nNeck pain 2','\n',char(10)));
INSERT INTO table_entries VALUES(10,0,8,1,10,2018,1541073646401,-14400000,3,replace('Headache <1\nSick with cold','\n',char(10)));
INSERT INTO table_entries VALUES(11,30,0,1,10,2018,1541046642692,-14400000,3,'Headache <1');
INSERT INTO table_entries VALUES(12,9,16,31,9,2018,1541016566663,-14400000,3,'Headache 1');
INSERT INTO table_entries VALUES(13,30,8,31,9,2018,1540989042218,-14400000,3,'');
INSERT INTO table_entries VALUES(14,45,5,31,9,2018,1540979113279,-14400000,3,'');
INSERT INTO table_entries VALUES(15,20,5,31,9,2018,1540977642472,-14400000,3,'Headache 1.5');
INSERT INTO table_entries VALUES(16,30,0,31,9,2018,1540960214954,-14400000,3,'');
INSERT INTO table_entries VALUES(17,23,14,30,9,2018,1540923819405,-14400000,3,replace('Headache 1\nNeck pain 3','\n',char(10)));
INSERT INTO table_entries VALUES(18,30,12,30,9,2018,1540917014574,-14400000,3,replace('Headache 1.5\nNeck pain 3\nTook Tylenol','\n',char(10)));
INSERT INTO table_entries VALUES(19,0,9,30,9,2018,1540904423673,-14400000,3,'Headache 1.5');
INSERT INTO table_entries VALUES(20,30,1,30,9,2018,1540877408118,-14400000,3,'');
INSERT INTO table_entries VALUES(21,39,16,29,9,2018,1540845588235,-14400000,3,'Headache 1');
INSERT INTO table_entries VALUES(22,10,11,29,9,2018,1540825841823,-14400000,3,'Took maxalt');
INSERT INTO table_entries VALUES(23,49,7,29,9,2018,1540813740199,-14400000,3,'Headache >1');
INSERT INTO table_entries VALUES(24,49,1,29,9,2018,1540792179897,-14400000,3,'');
INSERT INTO table_entries VALUES(25,56,23,28,9,2018,1540785370443,-14400000,3,'Headache <1');
INSERT INTO table_entries VALUES(26,50,21,28,9,2018,1540777850860,-14400000,3,'Headache <1');
INSERT INTO table_entries VALUES(27,0,1,28,9,2018,1540702820923,-14400000,3,'Headache <1');
INSERT INTO table_entries VALUES(28,31,19,27,9,2018,1540683109931,-14400000,3,replace('Headache 1\nTook caffeine, 1 Tylenol, maxalt','\n',char(10)));
INSERT INTO table_entries VALUES(29,30,10,27,9,2018,1540650652827,-14400000,3,'Headache <1');
INSERT INTO table_entries VALUES(30,0,5,27,9,2018,1540630827294,-14400000,3,'Headache <1');
INSERT INTO table_entries VALUES(31,50,16,26,9,2018,1540587016612,-14400000,3,replace('Headache 1\nTook maxalt','\n',char(10)));
INSERT INTO table_entries VALUES(32,18,8,26,9,2018,1540556295382,-14400000,3,'Headache <1');
INSERT INTO table_entries VALUES(33,0,2,26,9,2018,1540533654790,-14400000,3,'');
INSERT INTO table_entries VALUES(34,0,9,25,9,2018,1540472435106,-14400000,3,'Headache <1');
INSERT INTO table_entries VALUES(35,37,19,24,9,2018,1540424226961,-14400000,3,'Headache <1');
INSERT INTO table_entries VALUES(36,30,7,24,9,2018,1540380641060,-14400000,3,'Headache 1');
INSERT INTO table_entries VALUES(37,58,23,23,9,2018,1540353484847,-14400000,3,'');
INSERT INTO table_entries VALUES(38,39,14,23,9,2018,1540319941487,-14400000,3,'Headache 1');
INSERT INTO table_entries VALUES(39,0,11,23,9,2018,1540306829816,-14400000,3,replace('Headache 1.5 \nTook maxalt','\n',char(10)));
INSERT INTO table_entries VALUES(40,30,8,23,9,2018,1540297832419,-14400000,3,'Headache 1');
INSERT INTO table_entries VALUES(41,0,8,22,9,2018,1540209636433,-14400000,3,'Headache 1');
INSERT INTO table_entries VALUES(42,0,1,22,9,2018,1540184458864,-14400000,3,'');
INSERT INTO table_entries VALUES(43,30,0,22,9,2018,1540182611232,-14400000,3,'');
INSERT INTO table_entries VALUES(44,30,20,21,9,2018,1540168224651,-14400000,3,'Headache <1');
INSERT INTO table_entries VALUES(45,0,1,21,9,2018,1540098003056,-14400000,3,'');
INSERT INTO table_entries VALUES(46,0,18,20,9,2018,1540072829684,-14400000,3,'Headache <1');
INSERT INTO table_entries VALUES(47,0,14,20,9,2018,1540058404413,-14400000,4,replace('Headache 1.5 \nTook maxalt','\n',char(10)));
INSERT INTO table_entries VALUES(48,28,7,20,9,2018,1540034929830,-14400000,3,'Headache 0');
INSERT INTO table_entries VALUES(49,0,0,19,9,2018,1539921626486,-14400000,3,'Headache 0');
INSERT INTO table_entries VALUES(50,0,0,18,9,2018,1539835227726,-14400000,3,'Headache 0.5');
INSERT INTO table_entries VALUES(51,30,7,17,9,2018,1539775855490,-14400000,3,'Headache <1');
INSERT INTO table_entries VALUES(52,11,17,16,9,2018,1539724276085,-14400000,3,'Headache <1');
INSERT INTO table_entries VALUES(53,11,17,15,9,2018,1539637865710,-14400000,3,'Headache 1.5');
INSERT INTO table_entries VALUES(54,0,9,14,9,2018,1539522033867,-14400000,3,'Headache 1.5');
INSERT INTO table_entries VALUES(55,17,2,14,9,2018,1539497825896,-14400000,3,'Headache 1.5');
INSERT INTO table_entries VALUES(56,0,10,13,9,2018,1539439259186,-14400000,3,replace('Headache 1.5\nTook maxalt, Tylenol','\n',char(10)));
INSERT INTO table_entries VALUES(57,0,3,13,9,2018,1539414006890,-14400000,3,'Headache <1');
INSERT INTO table_entries VALUES(58,30,14,12,9,2018,1539369036336,-14400000,3,'Took maxalt, Tylenol');
INSERT INTO table_entries VALUES(59,31,14,11,9,2018,1539282664926,-14400000,3,'Headache <1');
INSERT INTO table_entries VALUES(60,31,14,10,9,2018,1539196306295,-14400000,3,'Headache <1');
INSERT INTO table_entries VALUES(61,34,14,9,9,2018,1539110051132,-14400000,3,'Headache <1');
INSERT INTO table_entries VALUES(62,34,14,8,9,2018,1539023695908,-14400000,3,'Headache <1');
INSERT INTO table_entries VALUES(63,35,14,7,9,2018,1538937346631,-14400000,3,'Headache <1');
INSERT INTO table_entries VALUES(64,31,14,6,9,2018,1538850685388,-14400000,3,'Took maxalt, Tylenol');
INSERT INTO table_entries VALUES(65,0,10,5,9,2018,1538748020140,-14400000,3,'Headache 1');
INSERT INTO table_entries VALUES(66,55,23,4,9,2018,1538711730690,-14400000,3,'Headache <1');
INSERT INTO table_entries VALUES(67,45,19,4,9,2018,1538696747016,-14400000,3,replace('Played soccer\nHeadache 1','\n',char(10)));
INSERT INTO table_entries VALUES(68,15,10,4,9,2018,1538662515134,-14400000,3,'Headache 1.5');
INSERT INTO table_entries VALUES(69,34,17,3,9,2018,1538602462762,-14400000,3,replace('Headache 2\nTook maxalt','\n',char(10)));
INSERT INTO table_entries VALUES(70,45,15,3,9,2018,1538595940186,-14400000,3,replace('Headache <1\nTook aimovig','\n',char(10)));
INSERT INTO table_entries VALUES(71,15,15,3,9,2018,1538594145699,-14400000,3,'Headache <1');
INSERT INTO table_entries VALUES(72,15,15,2,9,2018,1538507737588,-14400000,3,'Headache <1');
INSERT INTO table_entries VALUES(73,15,15,1,9,2018,1538421327027,-14400000,3,'Headache <1');
INSERT INTO table_entries VALUES(74,15,15,30,8,2018,1538334915213,-14400000,3,'Headache <1');
INSERT INTO table_entries VALUES(75,14,15,29,8,2018,1538248498704,-14400000,3,'Headache <1');
INSERT INTO table_entries VALUES(76,20,9,28,8,2018,1538140846636,-14400000,3,'Headache 0.4');
INSERT INTO table_entries VALUES(77,33,3,28,8,2018,1538120029543,-14400000,3,'Headache 1');
INSERT INTO table_entries VALUES(78,59,19,27,8,2018,1538092752528,-14400000,3,'Headache 1');
INSERT INTO table_entries VALUES(79,0,16,27,8,2018,1538078425281,-14400000,3,replace('Headache 2\nTook maxalt','\n',char(10)));
INSERT INTO table_entries VALUES(80,0,9,27,8,2018,1538053250806,-14400000,3,'Headache <1');
INSERT INTO table_entries VALUES(81,0,20,26,8,2018,1538006401419,-14400000,3,'Headache <1');
INSERT INTO table_entries VALUES(82,0,8,25,8,2018,1537876808696,-14400000,3,'Headache 1');
INSERT INTO table_entries VALUES(83,0,8,24,8,2018,1537790416230,-14400000,3,'Headache 0.5');
INSERT INTO table_entries VALUES(84,0,9,23,8,2018,1537707652874,-14400000,3,'Headache 0.7');
INSERT INTO table_entries VALUES(85,0,8,22,8,2018,1537617631180,-14400000,3,'Headache <1');
INSERT INTO table_entries VALUES(86,45,7,21,8,2018,1537530327133,-14400000,3,'Headache 1');
INSERT INTO table_entries VALUES(87,45,7,20,8,2018,1537443928904,-14400000,3,'Headache 1');
INSERT INTO table_entries VALUES(88,19,23,19,8,2018,1537413584346,-14400000,3,'Headache 0.3');
INSERT INTO table_entries VALUES(89,45,7,19,8,2018,1537357554285,-14400000,3,'Headache 1');
INSERT INTO table_entries VALUES(90,18,17,18,8,2018,1537305508881,-14400000,3,'Headache 1.1');
INSERT INTO table_entries VALUES(91,18,17,18,8,2018,1537305485200,-14400000,3,replace('Headache 1.5\nTook Tylenol','\n',char(10)));
INSERT INTO table_entries VALUES(92,45,9,18,8,2018,1537278334817,-14400000,3,'Headache 1.5');
INSERT INTO table_entries VALUES(93,0,14,17,8,2018,1537207214909,-14400000,3,'Headache <1');
INSERT INTO table_entries VALUES(94,0,9,17,8,2018,1537189236470,-14400000,3,replace('Headache 2 \nTook maxalt, Tylenol','\n',char(10)));
INSERT INTO table_entries VALUES(95,30,8,17,8,2018,1537187459237,-14400000,3,'Headache 2');
INSERT INTO table_entries VALUES(96,31,21,16,8,2018,1537147876037,-14400000,3,'Headache 1');
INSERT INTO table_entries VALUES(97,30,16,16,8,2018,1537129851636,-14400000,3,replace('Headache 2\nTook maxalt','\n',char(10)));
INSERT INTO table_entries VALUES(98,30,9,16,8,2018,1537104606808,-14400000,3,'Headache 0.7');
INSERT INTO table_entries VALUES(99,0,12,15,8,2018,1537027223537,-14400000,3,'Headache 0.4');
INSERT INTO table_entries VALUES(100,53,8,15,8,2018,1537016024360,-14400000,3,'Headache 1.2');
INSERT INTO table_entries VALUES(101,33,10,14,8,2018,1536935591779,-14400000,3,'Headache <1');
INSERT INTO table_entries VALUES(102,55,23,13,8,2018,1536897343477,-14400000,3,'Headache <1');
INSERT INTO table_entries VALUES(103,27,12,13,8,2018,1536856038032,-14400000,3,'Headache 1.5');
INSERT INTO table_entries VALUES(104,26,7,13,8,2018,1536838009126,-14400000,3,replace('Headache 3.5\nTook maxalt, Tylenol','\n',char(10)));
INSERT INTO table_entries VALUES(105,53,6,13,8,2018,1536836005541,-14400000,3,'Headache 3');
INSERT INTO table_entries VALUES(106,23,13,12,8,2018,1536773034541,-14400000,3,'Headache 0');
INSERT INTO table_entries VALUES(107,38,6,12,8,2018,1536748699945,-14400000,3,'Headache <1');
INSERT INTO table_entries VALUES(108,17,14,11,8,2018,1536689863358,-14400000,3,replace('Headache 0\nSleepy','\n',char(10)));
INSERT INTO table_entries VALUES(109,15,11,11,8,2018,1536678927689,-14400000,3,'Headache 0.9');
INSERT INTO table_entries VALUES(110,20,7,11,8,2018,1536664805597,-14400000,3,'Headache 1.5');
INSERT INTO table_entries VALUES(111,0,23,10,8,2018,1536634830193,-14400000,3,'Had 1 alcoholic drink');
INSERT INTO table_entries VALUES(112,55,7,10,8,2018,1536580536344,-14400000,3,'Headache 1.2');
INSERT INTO table_entries VALUES(113,38,9,9,8,2018,1536500319939,-14400000,3,'Headache 1.5');
INSERT INTO table_entries VALUES(114,5,11,8,8,2018,1536419123458,-14400000,3,'Headache 0.8');
INSERT INTO table_entries VALUES(115,0,0,8,8,2018,1536379203670,-14400000,3,'Headache 0.2');
INSERT INTO table_entries VALUES(116,48,10,7,8,2018,1536331716254,-14400000,3,'Headache 1.3');
INSERT INTO table_entries VALUES(117,11,10,7,8,2018,1536329496454,-14400000,3,replace('Headache 3\nTook maxalt, tylenol','\n',char(10)));
INSERT INTO table_entries VALUES(118,30,7,7,8,2018,1536319816588,-14400000,3,'Headache 0.2');
INSERT INTO table_entries VALUES(119,34,17,6,8,2018,1536269652459,-14400000,3,'Headache 0.2');
INSERT INTO table_entries VALUES(120,54,10,6,8,2018,1536245666187,-14400000,3,'Headache 1.5');
INSERT INTO table_entries VALUES(121,49,6,6,8,2018,1536230995614,-14400000,3,'Headache 0.3');
INSERT INTO table_entries VALUES(122,12,22,5,8,2018,1536199936567,-14400000,3,'Headache 0.9');
INSERT INTO table_entries VALUES(123,29,13,5,8,2018,1536168571864,-14400000,3,replace('Headache 3.5\nTook maxalt, Tylenol','\n',char(10)));
INSERT INTO table_entries VALUES(124,30,10,5,8,2018,1536157839166,-14400000,3,replace('Headache 0.9\nStarted Aimovig 70mg\nTook Aimovig','\n',char(10)));
INSERT INTO table_entries VALUES(125,0,7,5,8,2018,1536145203335,-14400000,3,'Headache 1');
INSERT INTO table_entries VALUES(126,24,10,4,8,2018,1536071088788,-14400000,3,'Headache 1.5');
INSERT INTO table_entries VALUES(127,15,21,3,8,2018,1536023706995,-14400000,3,'Headache 1.5');
INSERT INTO table_entries VALUES(128,41,20,3,8,2018,1536021687864,-14400000,3,replace('Headache 2\nTook maxalt, caffeine, Tylenol','\n',char(10)));
INSERT INTO table_entries VALUES(129,45,16,3,8,2018,1536007557194,-14400000,3,replace('Headache 1.5\nTook Tylenol','\n',char(10)));
INSERT INTO table_entries VALUES(130,45,16,3,8,2018,1536007506524,-14400000,3,'Headache 1');
INSERT INTO table_entries VALUES(131,45,14,3,8,2018,1536000320286,-14400000,3,replace('Headache 1.5\nYoga 1 hour','\n',char(10)));
INSERT INTO table_entries VALUES(132,43,16,2,8,2018,1535921033474,-14400000,3,'Headache 1');
INSERT INTO table_entries VALUES(133,0,13,2,8,2018,1535907619243,-14400000,3,replace('Headache 1\nYoga 30 minutes\nTook Tylenol','\n',char(10)));
INSERT INTO table_entries VALUES(134,10,21,1,8,2018,1535850638731,-14400000,3,replace('Did yoga at noon and 6\nNeck ache 5','\n',char(10)));
INSERT INTO table_entries VALUES(135,30,8,1,8,2018,1535805048966,-14400000,3,replace('Headache 1\nBack is tense','\n',char(10)));
INSERT INTO table_entries VALUES(136,0,2,1,8,2018,1535781624573,-14400000,3,'');
INSERT INTO table_entries VALUES(137,30,19,31,7,2018,1535758258875,-14400000,3,'Headache 1');
INSERT INTO table_entries VALUES(138,0,17,31,7,2018,1535749205771,-14400000,3,replace('Took maxalt, Tylenol, caffeine\nHeadache 8','\n',char(10)));
INSERT INTO table_entries VALUES(139,30,15,31,7,2018,1535743834143,-14400000,3,replace('Headache 8\nElliptical','\n',char(10)));
INSERT INTO table_entries VALUES(140,0,9,31,7,2018,1535720447483,-14400000,3,'Headache 1');
INSERT INTO table_entries VALUES(141,25,9,30,7,2018,1535635558394,-14400000,3,'Headache 1.8');
INSERT INTO table_entries VALUES(142,20,6,30,7,2018,1535624422753,-14400000,3,'Headache 0.2');
INSERT INTO table_entries VALUES(143,0,5,30,7,2018,1535619655739,-14400000,3,'Headache 0.2');
INSERT INTO table_entries VALUES(144,34,19,29,7,2018,1535585693402,-14400000,3,'Headache 2');
INSERT INTO table_entries VALUES(145,30,21,28,7,2018,1535506222879,-14400000,3,'Headache 1.3');
INSERT INTO table_entries VALUES(146,30,10,28,7,2018,1535466635344,-14400000,3,'Headache 2.5');
INSERT INTO table_entries VALUES(147,6,0,28,7,2018,1535429193869,-14400000,3,'Headache 0.3');
INSERT INTO table_entries VALUES(148,0,22,27,7,2018,1535421626652,-14400000,3,replace('Took maxalt, caffeine, Tylenol\nHeadache 7','\n',char(10)));
INSERT INTO table_entries VALUES(149,24,21,27,7,2018,1535419447874,-14400000,3,replace('Headache 8\nIcing forehead','\n',char(10)));
INSERT INTO table_entries VALUES(150,20,18,27,7,2018,1535408455948,-14400000,3,'Headache 5');
INSERT INTO table_entries VALUES(151,45,7,27,7,2018,1535370338712,-14400000,3,'Headache 0.5');
INSERT INTO table_entries VALUES(152,48,1,27,7,2018,1535348938077,-14400000,3,replace('Headache 1\nHeating pad level 1 for 2 hours','\n',char(10)));
INSERT INTO table_entries VALUES(153,30,13,26,7,2018,1535304619966,-14400000,3,'Headache 1');
INSERT INTO table_entries VALUES(154,44,12,26,7,2018,1535301864338,-14400000,3,replace('Headache 1.5\nTaking maxalt','\n',char(10)));
INSERT INTO table_entries VALUES(155,20,9,26,7,2018,1535289645361,-14400000,3,'Headache 0.9');
INSERT INTO table_entries VALUES(156,54,1,26,7,2018,1535262889567,-14400000,3,'Headache 1.5');
INSERT INTO table_entries VALUES(157,30,12,25,7,2018,1535214656694,-14400000,3,replace('Headache 1.5\nTook maxalt','\n',char(10)));
INSERT INTO table_entries VALUES(158,31,9,25,7,2018,1535203882276,-14400000,3,'Headache 0.6');
INSERT INTO table_entries VALUES(159,40,1,25,7,2018,1535175653950,-14400000,3,'Headache 0.7');
INSERT INTO table_entries VALUES(160,0,9,24,7,2018,1535115621200,-14400000,3,'Headache 1');
INSERT INTO table_entries VALUES(161,7,16,23,7,2018,1535054854818,-14400000,3,'Headache 0.4');
INSERT INTO table_entries VALUES(162,23,10,23,7,2018,1535034229027,-14400000,3,'Headache 1.5');
INSERT INTO table_entries VALUES(163,0,9,23,7,2018,1535029230107,-14400000,3,'Headache 2');
INSERT INTO table_entries VALUES(164,52,23,19,7,2018,1534737152898,-14400000,3,'Headache 0.5');
INSERT INTO table_entries VALUES(165,12,12,5,7,2018,1533485524179,-14400000,3,'Headache 3');
INSERT INTO table_entries VALUES(166,2,8,2,7,2018,1533211341097,-14400000,3,'Headache 2');
INSERT INTO table_entries VALUES(167,45,1,2,7,2018,1533188756762,-14400000,3,replace('Took Tylenol \nHeadache 3','\n',char(10)));
INSERT INTO table_entries VALUES(168,46,0,2,7,2018,1533185192372,-14400000,3,replace('Headache 4\nNeck hurts','\n',char(10)));
INSERT INTO table_entries VALUES(169,25,20,1,7,2018,1533169553536,-14400000,3,'Headache 3');
INSERT INTO table_entries VALUES(170,0,16,1,7,2018,1533153629650,-14400000,3,'Headache 2');
INSERT INTO table_entries VALUES(171,0,8,1,7,2018,1533124807685,-14400000,3,'Headache 1');
INSERT INTO table_entries VALUES(172,0,18,31,6,2018,1533074455077,-14400000,3,'Headache 1');
INSERT INTO table_entries VALUES(173,45,16,31,6,2018,1533069912868,-14400000,3,replace('Took maxalt 10mg\nHeadache 4','\n',char(10)));
INSERT INTO table_entries VALUES(174,0,9,31,6,2018,1533042032163,-14400000,3,'Headache 1');
INSERT INTO table_entries VALUES(175,0,9,30,6,2018,1532955616046,-14400000,3,'Headache 1');
INSERT INTO table_entries VALUES(176,20,20,29,6,2018,1532910039732,-14400000,3,'Headache 1');
INSERT INTO table_entries VALUES(177,0,15,29,6,2018,1532890801358,-14400000,3,'Headache 1');
INSERT INTO table_entries VALUES(178,42,11,29,6,2018,1532878940066,-14400000,3,replace('Took maxalt, Tylenol, caffeine\nAte Apple sauce\nHeadache 7','\n',char(10)));
INSERT INTO table_entries VALUES(179,0,9,29,6,2018,1532869240635,-14400000,3,'Headache 6');
INSERT INTO table_entries VALUES(180,20,1,29,6,2018,1532841611006,-14400000,3,'Headache 1');
INSERT INTO table_entries VALUES(181,15,21,28,6,2018,1532826954910,-14400000,3,replace('Ate chicken gyro, ice cream\nHeadache 1','\n',char(10)));
INSERT INTO table_entries VALUES(182,0,18,28,6,2018,1532815255914,-14400000,3,replace('Ate bread, cheese, salami, avacado, eggplant, tomato sauce\nHeadache 1','\n',char(10)));
INSERT INTO table_entries VALUES(183,0,14,28,6,2018,1532800840423,-14400000,3,replace('Ate eggs, cheese, bread\nHeadache 1','\n',char(10)));
INSERT INTO table_entries VALUES(184,53,10,28,6,2018,1532789610919,-14400000,3,'Headache 2');
INSERT INTO table_entries VALUES(185,8,7,28,6,2018,1532776098453,-14400000,3,'Headache 2');
INSERT INTO table_entries VALUES(186,33,6,28,6,2018,1532773984952,-14400000,3,'Headache 3');
INSERT INTO table_entries VALUES(187,38,5,28,6,2018,1532770723889,-14400000,3,replace('Ate applesauce\nTook maxalt 10mg, Tylenol 500mg, caffeine 200mg\nHeadache 7','\n',char(10)));
INSERT INTO table_entries VALUES(188,1,20,27,6,2018,1532736062585,-14400000,3,replace('Ate tuna, cheese, bread, Apple sauce\nHeadache 2','\n',char(10)));
INSERT INTO table_entries VALUES(189,0,19,27,6,2018,1532732412971,-14400000,3,replace('Played basketball 30 minutes\nHeadache 1','\n',char(10)));
INSERT INTO table_entries VALUES(190,30,12,27,6,2018,1532709007738,-14400000,3,replace('Ate tomato, rice, mozzarella\nHeadache 2','\n',char(10)));
INSERT INTO table_entries VALUES(191,19,9,27,6,2018,1532697598243,-14400000,3,'Headache 2');
INSERT INTO table_entries VALUES(192,18,20,26,6,2018,1532650739567,-14400000,3,'Headache 1');
INSERT INTO table_entries VALUES(193,0,14,26,6,2018,1532628036575,-14400000,3,replace('Did neck stretching\nHeadache 4','\n',char(10)));
INSERT INTO table_entries VALUES(194,0,12,26,6,2018,1532620826439,-14400000,3,'Ate potatoes, chicken, carrots');
INSERT INTO table_entries VALUES(195,1,10,26,6,2018,1532613714260,-14400000,3,replace('Took Tylenol 500mg, caffeine 200mg\nHeadache 8','\n',char(10)));
INSERT INTO table_entries VALUES(196,56,7,26,6,2018,1532606195948,-14400000,4,replace('Headache 6\nHurts in middle of forehead, not like other headaches I''ve gotten','\n',char(10)));
INSERT INTO table_entries VALUES(197,15,20,25,6,2018,1532564138194,-14400000,3,replace('Ate coleslaw + ginger dressing\nHeadache 2','\n',char(10)));
INSERT INTO table_entries VALUES(198,13,12,25,6,2018,1532535183617,-14400000,3,replace('Ate tuna, cheese, bread\nHeadache 1','\n',char(10)));
INSERT INTO table_entries VALUES(199,3,8,25,6,2018,1532520203471,-14400000,3,'Headache 1');
INSERT INTO table_entries VALUES(200,0,23,24,6,2018,1532487634517,-14400000,5,replace('Took second maxalt\nHeadache 9','\n',char(10)));
INSERT INTO table_entries VALUES(201,9,20,24,6,2018,1532477362973,-14400000,5,replace('40 minute walk\nTook maxalt, Tylenol 500 mg, caffeine 100mg\nHeadache 9','\n',char(10)));
INSERT INTO table_entries VALUES(202,17,19,24,6,2018,1532474254064,-14400000,5,replace('Did neck stretching\nHeadache 9','\n',char(10)));
INSERT INTO table_entries VALUES(203,12,18,24,6,2018,1532470355289,-14400000,5,replace('Tuna, bread, cheese\nHeadache 7','\n',char(10)));
INSERT INTO table_entries VALUES(204,37,17,24,6,2018,1532468258709,-14400000,5,replace('10 minute walk\nHeadache 8','\n',char(10)));
INSERT INTO table_entries VALUES(205,12,17,24,6,2018,1532466747223,-14400000,5,'Headache 8');
INSERT INTO table_entries VALUES(206,0,13,24,6,2018,1532451612155,-14400000,4,replace('Took Tylenol 500 mg\nHeadache 4','\n',char(10)));
INSERT INTO table_entries VALUES(207,10,7,6,10,2018,1541506258899,-18000000,3,replace('Headache 1\nNeck pain 0','\n',char(10)));
INSERT INTO table_entries VALUES(208,15,5,7,10,2018,1541585709399,-18000000,3,'Headache 1');
INSERT INTO table_entries VALUES(209,1,8,8,10,2018,1541682109646,-18000000,3,'Headache 2');
INSERT INTO table_entries VALUES(210,20,9,8,10,2018,1541686810187,-18000000,3,'Took maxalt');
INSERT INTO table_entries VALUES(211,17,11,8,10,2018,1541693870678,-18000000,3,'Headache 1');
INSERT INTO table_entries VALUES(212,0,9,9,10,2018,1541772002682,-18000000,3,replace('Headache 1\nNeck pain 0','\n',char(10)));
INSERT INTO table_entries VALUES(213,15,13,9,10,2018,1541787334724,-18000000,3,'Neck pain 2');
INSERT INTO table_entries VALUES(214,0,16,9,10,2018,1541797230623,-18000000,3,'Took Tylenol');
INSERT INTO table_entries VALUES(215,0,22,9,10,2018,1541818854336,-18000000,3,replace('Headache 1\nNeck pain 0','\n',char(10)));
INSERT INTO table_entries VALUES(216,0,9,10,10,2018,1541858400738,-18000000,3,'Headache 1');
INSERT INTO table_entries VALUES(217,47,20,10,10,2018,1541900836198,-18000000,3,replace('Headache 3\nTook maxalt, Tylenol','\n',char(10)));
INSERT INTO table_entries VALUES(218,49,7,11,10,2018,1541940576907,-18000000,3,'Headache 0');
INSERT INTO table_entries VALUES(219,40,15,11,10,2018,1541968856480,-18000000,3,'Headache 1');
INSERT INTO table_entries VALUES(220,0,17,11,10,2018,1541973656761,-18000000,3,replace('Headache 2\nTook maxalt','\n',char(10)));
INSERT INTO table_entries VALUES(221,45,22,11,10,2018,1541994342568,-18000000,3,'Headache 1');
INSERT INTO table_entries VALUES(222,29,11,12,10,2018,1542040190665,-18000000,3,'Headache 2');
INSERT INTO table_entries VALUES(223,51,11,12,10,2018,1542041496591,-18000000,3,'Took maxalt');
INSERT INTO table_entries VALUES(224,24,16,12,10,2018,1542057887519,-18000000,3,'Headache 1');
INSERT INTO table_entries VALUES(225,46,1,13,10,2018,1542091564762,-18000000,3,'');
INSERT INTO table_entries VALUES(226,30,7,13,10,2018,1542112207191,-18000000,3,'Headache 2');
INSERT INTO table_entries VALUES(227,58,10,13,10,2018,1542124732295,-18000000,3,'Neck pain 1');
INSERT INTO table_entries VALUES(228,35,14,13,10,2018,1542137714371,-18000000,3,'Headache 3');
INSERT INTO table_entries VALUES(229,54,14,13,10,2018,1542138855016,-18000000,3,'Took maxalt');
INSERT INTO table_entries VALUES(230,50,15,13,10,2018,1542142208786,-18000000,3,'Neck pain 2');
INSERT INTO table_entries VALUES(231,0,18,13,10,2018,1542150002931,-18000000,3,'Ice');
INSERT INTO table_entries VALUES(232,11,20,13,10,2018,1542157883793,-18000000,3,'Headache 2');
INSERT INTO table_entries VALUES(233,12,21,13,10,2018,1542161559750,-18000000,3,replace('Headache 3\nNeck pain 1','\n',char(10)));
INSERT INTO table_entries VALUES(234,5,10,14,10,2018,1542207936990,-18000000,3,replace('Headache 2\nNeck pain 0\nStretched neck','\n',char(10)));
INSERT INTO table_entries VALUES(235,59,12,14,10,2018,1542218361297,-18000000,3,'Headache 1');
INSERT INTO table_entries VALUES(236,24,15,14,10,2018,1542227092503,-18000000,3,'Neck pain 1');
INSERT INTO table_entries VALUES(237,0,10,15,10,2018,1542294046698,-18000000,3,replace('Headache 1\nNeck pain 0','\n',char(10)));
INSERT INTO table_entries VALUES(238,1,21,15,10,2018,1542333715747,-18000000,3,'Exercise');
INSERT INTO table_entries VALUES(239,2,21,12,10,2018,1542074526576,-18000000,3,'Exercise');
INSERT INTO table_entries VALUES(240,6,11,16,10,2018,1542384369072,-18000000,3,'Headache 2');
INSERT INTO table_entries VALUES(241,16,21,16,10,2018,1542420992155,-18000000,3,'Headache 1');
INSERT INTO table_entries VALUES(242,30,7,17,10,2018,1542457847460,-18000000,3,'Headache 1');
INSERT INTO table_entries VALUES(243,34,14,17,10,2018,1542483240489,-18000000,3,'Headache 2');
INSERT INTO table_entries VALUES(244,30,15,17,10,2018,1542486611951,-18000000,3,'Headache 1');
INSERT INTO table_entries VALUES(245,23,18,17,10,2018,1542497010313,-18000000,3,'Headache 2');
INSERT INTO table_entries VALUES(246,30,8,18,10,2018,1542547809737,-18000000,3,'Headache 1');
INSERT INTO table_entries VALUES(247,2,17,18,10,2018,1542578540109,-18000000,3,'Headache 2');
INSERT INTO table_entries VALUES(248,58,18,18,10,2018,1542585502299,-18000000,3,'Headache 3');
INSERT INTO table_entries VALUES(249,30,19,18,10,2018,1542587405416,-18000000,3,replace('Neck pain 3\nTook maxalt','\n',char(10)));
INSERT INTO table_entries VALUES(250,50,20,18,10,2018,1542592221246,-18000000,3,'Neck pain 2');
INSERT INTO table_entries VALUES(251,4,9,19,10,2018,1542636295468,-18000000,3,replace('Headache 1\nNeck pain 0','\n',char(10)));
INSERT INTO table_entries VALUES(252,46,13,19,10,2018,1542653185731,-18000000,3,'Headache 2');
INSERT INTO table_entries VALUES(253,28,20,19,10,2018,1542677316920,-18000000,3,'Headache 1');
INSERT INTO table_entries VALUES(254,25,10,20,10,2018,1542727547005,-18000000,3,replace('Headache 1\nNeck pain 0','\n',char(10)));
INSERT INTO table_entries VALUES(255,0,6,21,10,2018,1542798002697,-18000000,3,'Headache 1');
INSERT INTO table_entries VALUES(256,23,8,22,10,2018,1542893018943,-18000000,3,'Headache 2');
INSERT INTO table_entries VALUES(257,26,20,22,10,2018,1542936378777,-18000000,3,replace('Headache 3\nNeck pain 3\nTook maxalt, Baclofen','\n',char(10)));
INSERT INTO table_entries VALUES(258,30,7,23,10,2018,1542976208821,-18000000,3,replace('Headache 1\nNeck pain 0','\n',char(10)));
INSERT INTO table_entries VALUES(259,40,8,24,10,2018,1543066804778,-18000000,3,'Headache 1');
INSERT INTO table_entries VALUES(260,40,16,24,10,2018,1543095619717,-18000000,3,replace('Headache 3\nNeck pain 1\nTook maxalt, Tylenol','\n',char(10)));
INSERT INTO table_entries VALUES(261,57,7,25,10,2018,1543150642990,-18000000,3,replace('Headache 1\nNeck pain 0','\n',char(10)));
INSERT INTO table_entries VALUES(262,58,19,25,10,2018,1543193880335,-18000000,3,'Headache 2');
INSERT INTO table_entries VALUES(263,16,10,26,10,2018,1543245418496,-18000000,3,replace('Headache 1\nNeck pain 0','\n',char(10)));
INSERT INTO table_entries VALUES(264,55,15,26,10,2018,1543265716853,-18000000,3,'Headache 2');
INSERT INTO table_entries VALUES(265,35,18,26,10,2018,1543275347775,-18000000,3,'Headache 1');
INSERT INTO table_entries VALUES(266,30,16,27,10,2018,1543354256387,-18000000,3,'Headache 1');
INSERT INTO table_entries VALUES(267,54,8,28,10,2018,1543413276733,-18000000,3,'Headache 1');
INSERT INTO table_entries VALUES(268,24,9,28,10,2018,1543415096104,-18000000,3,'Neck pain 1');
INSERT INTO table_entries VALUES(269,19,10,28,10,2018,1543418390100,-18000000,3,replace('Headache 0\nNeck pain 0','\n',char(10)));
INSERT INTO table_entries VALUES(270,41,10,29,10,2018,1543506079428,-18000000,3,'Headache 1');
INSERT INTO table_entries VALUES(271,25,13,29,10,2018,1543515924236,-18000000,3,'Headache 2');
INSERT INTO table_entries VALUES(272,44,16,29,10,2018,1543527843737,-18000000,3,'Neck pain 1');
INSERT INTO table_entries VALUES(273,50,16,29,10,2018,1543528252369,-18000000,3,replace('Headache 2\nNeck pain 0\nTook maxalt','\n',char(10)));
INSERT INTO table_entries VALUES(274,46,23,29,10,2018,1543553208172,-18000000,3,'Headache 1');
INSERT INTO table_entries VALUES(275,0,9,1,11,2018,1543672828868,-18000000,3,'Headache 1');
INSERT INTO table_entries VALUES(276,0,23,1,11,2018,1543723247656,-18000000,3,'Headache 2');
INSERT INTO table_entries VALUES(277,0,8,2,11,2018,1543755605602,-18000000,3,replace('Headache 3\nTook maxalt','\n',char(10)));
INSERT INTO table_entries VALUES(278,25,10,2,11,2018,1543764328130,-18000000,3,'Headache 2');
INSERT INTO table_entries VALUES(279,25,10,30,10,2018,1543591556240,-18000000,3,'Headache 1');
INSERT INTO table_entries VALUES(280,51,13,3,11,2018,1543863083430,-18000000,3,'Headache 2');
INSERT INTO table_entries VALUES(281,0,14,3,11,2018,1543863612557,-18000000,3,replace('Took Tylenol, caffeine\nAte burrito, tortilla chips','\n',char(10)));
INSERT INTO table_entries VALUES(282,39,8,4,11,2018,1543930761067,-18000000,3,'Headache 2');
INSERT INTO table_entries VALUES(283,27,7,5,11,2018,1544012860373,-18000000,3,'Headache 2');
INSERT INTO table_entries VALUES(284,38,19,3,11,2018,1543883890958,-18000000,3,'Ate Indian food');
INSERT INTO table_entries VALUES(285,30,8,3,11,2018,1543843836195,-18000000,3,'Ate oats, fruit, Clif bar');
INSERT INTO table_entries VALUES(286,30,8,4,11,2018,1543930214406,-18000000,3,'Ate oats, fruit, Clif bar');
INSERT INTO table_entries VALUES(287,0,12,4,11,2018,1543942801574,-18000000,3,'Ate chicken salad sandwich');
INSERT INTO table_entries VALUES(288,41,19,4,11,2018,1543970484219,-18000000,3,'Ate chicken, pasta sauce');
INSERT INTO table_entries VALUES(289,30,9,5,11,2018,1544020226903,-18000000,3,'Took aimovig');
INSERT INTO table_entries VALUES(290,28,14,5,11,2018,1544038127764,-18000000,3,'Headache 1');
INSERT INTO table_entries VALUES(291,30,10,5,11,2018,1544023857248,-18000000,3,'Ate Clif bar, muesli');
INSERT INTO table_entries VALUES(292,0,13,5,11,2018,1544032820282,-18000000,3,'Ate chicken, string beans, lasagna');
INSERT INTO table_entries VALUES(293,30,19,6,11,2018,1544142653662,-18000000,3,replace('Started Gralise 600mg\nHeadache 1','\n',char(10)));
INSERT INTO table_entries VALUES(294,1,11,7,11,2018,1544198495834,-18000000,3,'Headache 1');
INSERT INTO table_entries VALUES(295,0,14,7,11,2018,1544209245678,-18000000,3,'Headache 2');
INSERT INTO table_entries VALUES(296,2,17,7,11,2018,1544220122555,-18000000,3,'Headache 1');
INSERT INTO table_entries VALUES(297,2,11,8,11,2018,1544284941119,-18000000,3,'Headache 1');
INSERT INTO table_entries VALUES(298,0,17,8,11,2018,1544306416959,-18000000,3,'Headache 2');
INSERT INTO table_entries VALUES(299,53,8,9,11,2018,1544363612785,-18000000,3,'Headache 3');
INSERT INTO table_entries VALUES(300,0,16,9,11,2018,1544389240943,-18000000,3,'Headache 2');
INSERT INTO table_entries VALUES(301,0,21,9,11,2018,1544407201438,-18000000,3,'Headache 1');
INSERT INTO table_entries VALUES(302,9,10,10,11,2018,1544454592541,-18000000,3,'Headache 2');
INSERT INTO table_entries VALUES(303,2,19,12,11,2018,1544659339670,-18000000,3,'Headache 1');
INSERT INTO table_entries VALUES(304,2,19,11,11,2018,1544572947642,-18000000,3,'Headache 1');
INSERT INTO table_entries VALUES(305,7,10,13,11,2018,1544713626662,-18000000,3,'Headache 1');
INSERT INTO table_entries VALUES(306,10,13,13,11,2018,1544724638688,-18000000,3,replace('Headache 2\nNeck pain 1','\n',char(10)));
INSERT INTO table_entries VALUES(307,30,15,13,11,2018,1544733012901,-18000000,3,'Took maxalt');
INSERT INTO table_entries VALUES(308,8,17,13,11,2018,1544738902929,-18000000,3,replace('Headache 1\nNeck pain 0','\n',char(10)));
INSERT INTO table_entries VALUES(309,39,10,14,11,2018,1544801986814,-18000000,3,'Headache 2');
INSERT INTO table_entries VALUES(310,0,8,15,11,2018,1544878818738,-18000000,3,'Headache 1');
INSERT INTO table_entries VALUES(311,0,15,15,11,2018,1544904005056,-18000000,3,replace('Headache 2\nTook maxalt','\n',char(10)));
INSERT INTO table_entries VALUES(312,2,9,16,11,2018,1544968926771,-18000000,3,'Headache 2');
INSERT INTO table_entries VALUES(313,58,20,16,11,2018,1545011926452,-18000000,3,replace('Headache 3\nTook maxalt','\n',char(10)));
INSERT INTO table_entries VALUES(314,30,14,16,11,2018,1544988655828,-18000000,3,'Exercise');
INSERT INTO table_entries VALUES(315,49,18,17,11,2018,1545090577092,-18000000,3,'Headache 1');
INSERT INTO table_entries VALUES(316,0,8,18,11,2018,1545138037570,-18000000,3,'Headache 1');
INSERT INTO table_entries VALUES(317,51,14,18,11,2018,1545162717177,-18000000,3,'Headache 2');
INSERT INTO table_entries VALUES(318,40,10,19,11,2018,1545234030373,-18000000,3,'Headache 2');
INSERT INTO table_entries VALUES(319,0,14,19,11,2018,1545246045410,-18000000,3,'Headache 1');
INSERT INTO table_entries VALUES(320,37,9,20,11,2018,1545316632144,-18000000,3,replace('Headache 2\nTook maxalt','\n',char(10)));
INSERT INTO table_entries VALUES(321,38,15,21,11,2018,1545424686505,-18000000,3,'Headache 2');
INSERT INTO table_entries VALUES(322,8,7,22,11,2018,1545480495410,-18000000,3,'Headache 2');
INSERT INTO table_entries VALUES(323,33,9,22,11,2018,1545489194034,-18000000,3,replace('Headache 3\nTook maxalt, Tylenol','\n',char(10)));
INSERT INTO table_entries VALUES(324,52,13,22,11,2018,1545504728272,-18000000,3,'Headache 2');
INSERT INTO table_entries VALUES(325,20,17,23,11,2018,1545603624048,-18000000,3,'Headache 3');
INSERT INTO table_entries VALUES(326,20,9,23,11,2018,1545574844133,-18000000,3,'Headache 2');
INSERT INTO table_entries VALUES(327,20,19,23,11,2018,1545610801412,-18000000,3,'Took maxalt');
INSERT INTO table_entries VALUES(328,0,13,24,11,2018,1545674403012,-18000000,3,'Headache 2');
INSERT INTO table_entries VALUES(329,0,13,25,11,2018,1545760815260,-18000000,3,replace('Headache 2\nTook maxalt','\n',char(10)));
INSERT INTO table_entries VALUES(330,12,13,26,11,2018,1545847964343,-18000000,3,'Headache 2');
INSERT INTO table_entries VALUES(331,0,8,26,11,2018,1545829251386,-18000000,3,'Headache 1');
INSERT INTO table_entries VALUES(332,14,9,27,11,2018,1545920058796,-18000000,3,'Headache 1');
INSERT INTO table_entries VALUES(333,40,8,28,11,2018,1546004442935,-18000000,3,'Headache 1');
INSERT INTO table_entries VALUES(334,53,9,29,11,2018,1546095187474,-18000000,3,'Headache 1');
INSERT INTO table_entries VALUES(335,24,19,29,11,2018,1546129481367,-18000000,3,replace('Headache 2\nTook maxalt','\n',char(10)));
INSERT INTO table_entries VALUES(336,21,10,30,11,2018,1546183272749,-18000000,3,replace('Headache 2\nMissed gabapentin','\n',char(10)));
INSERT INTO table_entries VALUES(337,0,8,31,11,2018,1546261251765,-18000000,3,'Headache 2');
INSERT INTO table_entries VALUES(338,1,8,1,0,2019,1546347682117,-18000000,3,'Headache 1');
INSERT INTO table_entries VALUES(339,1,8,2,0,2019,1546434088451,-18000000,3,'Headache 1');
INSERT INTO table_entries VALUES(340,25,10,3,0,2019,1546529145240,-18000000,3,'Headache 1');
INSERT INTO table_entries VALUES(341,12,13,4,0,2019,1546625523101,-18000000,3,'Headache 0');
INSERT INTO table_entries VALUES(342,13,0,5,0,2019,1546665235810,-18000000,3,replace('Headache 0\nTook aimovig','\n',char(10)));
INSERT INTO table_entries VALUES(343,26,16,6,0,2019,1546809962454,-18000000,3,replace('Headache 3\nTook maxalt','\n',char(10)));
INSERT INTO table_entries VALUES(344,38,9,7,0,2019,1546871913577,-18000000,3,'Headache 1');
INSERT INTO table_entries VALUES(345,37,10,8,0,2019,1546961841163,-18000000,3,'Headache 1');
INSERT INTO table_entries VALUES(346,37,10,9,0,2019,1547048254443,-18000000,3,'Headache 1');
INSERT INTO table_entries VALUES(347,12,21,10,0,2019,1547172770487,-18000000,3,'Headache 1');
INSERT INTO table_entries VALUES(348,33,18,11,0,2019,1547249611912,-18000000,3,'Headache 1');
INSERT INTO table_entries VALUES(349,30,11,12,0,2019,1547310638532,-18000000,3,replace('Headache 3\nTook maxalt','\n',char(10)));
INSERT INTO table_entries VALUES(350,31,11,13,0,2019,1547397060731,-18000000,3,'Headache 2');
INSERT INTO table_entries VALUES(351,4,10,14,0,2019,1547478253777,-18000000,3,'Headache 1');
INSERT INTO table_entries VALUES(352,4,10,15,0,2019,1547564664485,-18000000,3,'Headache 1');
INSERT INTO table_entries VALUES(353,4,10,16,0,2019,1547651074420,-18000000,3,'Headache 2');
INSERT INTO table_entries VALUES(354,4,15,16,0,2019,1547669093845,-18000000,3,'Took maxalt');
INSERT INTO table_entries VALUES(355,55,23,16,0,2019,1547700910095,-18000000,3,'Took maxalt');
INSERT INTO table_entries VALUES(356,5,10,17,0,2019,1547737558649,-18000000,3,'Headache 1');
INSERT INTO table_entries VALUES(357,49,8,18,0,2019,1547819384787,-18000000,3,'Headache 1');
INSERT INTO table_entries VALUES(358,0,15,18,0,2019,1547841657935,-18000000,3,replace('Headache 2\nTook maxalt, Tylenol','\n',char(10)));
INSERT INTO table_entries VALUES(359,50,20,18,0,2019,1547862620410,-18000000,3,'Headache 1');
INSERT INTO table_entries VALUES(360,50,8,19,0,2019,1547905838567,-18000000,3,'Headache 1');
INSERT INTO table_entries VALUES(361,33,8,20,0,2019,1547991201260,-18000000,3,replace('Headache 3\nTook maxalt, Tylenol','\n',char(10)));
INSERT INTO table_entries VALUES(362,0,15,20,0,2019,1548014451363,-18000000,3,replace('Headache 2\nTook maxalt, Tylenol','\n',char(10)));
INSERT INTO table_entries VALUES(363,0,23,20,0,2019,1548043232060,-18000000,3,'Headache 1');
INSERT INTO table_entries VALUES(364,34,8,21,0,2019,1548077698459,-18000000,3,'Headache 1');
INSERT INTO table_entries VALUES(365,54,16,21,0,2019,1548107680276,-18000000,3,replace('Headache 2\nNeck pain 1\nTook maxalt, Tylenol','\n',char(10)));
INSERT INTO table_entries VALUES(366,55,19,21,0,2019,1548118531159,-18000000,3,replace('Headache 1\nNeck pain 0','\n',char(10)));
INSERT INTO table_entries VALUES(367,35,12,22,0,2019,1548178529019,-18000000,3,'Headache 1');
INSERT INTO table_entries VALUES(368,16,10,23,0,2019,1548256594628,-18000000,3,'Headache 2');
INSERT INTO table_entries VALUES(369,19,18,22,0,2019,1548199190955,-18000000,3,'Headache 2');
INSERT INTO table_entries VALUES(370,35,0,24,0,2019,1548308114700,-18000000,3,'Headache 0');
INSERT INTO table_entries VALUES(371,23,9,24,0,2019,1548339781470,-18000000,3,'Headache 1');
INSERT INTO table_entries VALUES(372,23,14,25,0,2019,1548444192767,-18000000,3,replace('Headache 2\nTook maxalt','\n',char(10)));
INSERT INTO table_entries VALUES(373,30,18,24,0,2019,1548372618207,-18000000,3,'Exercise');
INSERT INTO table_entries VALUES(374,59,18,25,0,2019,1548460766142,-18000000,3,'Headache 1');
INSERT INTO table_entries VALUES(375,59,18,26,0,2019,1548547198004,-18000000,3,'Headache 2');
INSERT INTO table_entries VALUES(377,57,20,26,0,2019,1548554272412,-18000000,3,'Neck pain 1');
INSERT INTO table_entries VALUES(378,0,0,27,0,2019,1548565230511,-18000000,3,'Took maxalt');
INSERT INTO table_entries VALUES(379,24,9,27,0,2019,1548599090927,-18000000,3,replace('Headache 1\nNeck pain 0','\n',char(10)));
INSERT INTO table_entries VALUES(380,9,19,27,0,2019,1548634192401,-18000000,3,replace('Headache 2\nTook maxalt','\n',char(10)));
INSERT INTO table_entries VALUES(381,7,21,27,0,2019,1548641260838,-18000000,3,'Headache 3');
INSERT INTO table_entries VALUES(382,43,11,28,0,2019,1548693811427,-18000000,3,replace('Headache 1\nDid yoga','\n',char(10)));
INSERT INTO table_entries VALUES(383,16,0,29,0,2019,1548739019646,-18000000,3,'Headache 0');
INSERT INTO table_entries VALUES(384,17,17,30,0,2019,1548886655189,-18000000,3,'Headache 3');
INSERT INTO table_entries VALUES(385,15,12,30,0,2019,1548868541382,-18000000,3,'Headache 1');
INSERT INTO table_entries VALUES(386,55,2,31,0,2019,1548921342610,-18000000,3,'Headache 2');
INSERT INTO table_entries VALUES(387,12,21,31,0,2019,1548987159796,-18000000,3,'Headache 1');
INSERT INTO table_entries VALUES(388,49,10,1,1,2019,1549036191301,-18000000,3,'Headache 0');
INSERT INTO table_entries VALUES(389,38,17,1,1,2019,1549060730999,-18000000,3,replace('Headache 2\nTook maxalt','\n',char(10)));
INSERT INTO table_entries VALUES(390,0,9,2,1,2019,1549116023684,-18000000,3,'Headache 1');
INSERT INTO table_entries VALUES(391,12,10,3,1,2019,1549206745536,-18000000,3,replace('Headache 3\nTook maxalt','\n',char(10)));
INSERT INTO table_entries VALUES(392,15,13,3,1,2019,1549217749136,-18000000,3,'Headache 2');
INSERT INTO table_entries VALUES(393,17,10,4,1,2019,1549293423459,-18000000,3,'Headache 1');
INSERT INTO table_entries VALUES(394,34,13,4,1,2019,1549305281971,-18000000,3,replace('Headache 3 \ntook maxalt','\n',char(10)));
INSERT INTO table_entries VALUES(395,14,18,4,1,2019,1549322097090,-18000000,3,'Headache 1');
INSERT INTO table_entries VALUES(396,58,15,5,1,2019,1549400332902,-18000000,3,replace('Headache 2\nNeck pain 1','\n',char(10)));
INSERT INTO table_entries VALUES(397,0,8,6,1,2019,1549458054009,-18000000,3,replace('Headache 1\nNeck pain 0\nStarted Aimovig 140mg','\n',char(10)));
INSERT INTO table_entries VALUES(398,46,11,6,1,2019,1549471569518,-18000000,3,'Headache 2');
INSERT INTO table_entries VALUES(399,20,3,7,1,2019,1549527651393,-18000000,3,'Headache 0');
INSERT INTO table_entries VALUES(400,22,9,7,1,2019,1549549366332,-18000000,3,'Headache 0');
INSERT INTO table_entries VALUES(401,51,12,7,1,2019,1549561895541,-18000000,3,'Headache 1');
INSERT INTO table_entries VALUES(402,13,11,8,1,2019,1549642436663,-18000000,3,'Headache 0');
INSERT INTO table_entries VALUES(403,57,13,9,1,2019,1549738628075,-18000000,3,'Headache 1');
INSERT INTO table_entries VALUES(404,46,21,9,1,2019,1549766818533,-18000000,3,'Headache 3');
INSERT INTO table_entries VALUES(405,47,18,10,1,2019,1549842423276,-18000000,3,replace('Headache 3\nTook maxalt\nLost 5 hours','\n',char(10)));
INSERT INTO table_entries VALUES(406,0,9,10,1,2019,1549807218176,-18000000,3,'Headache 0');
INSERT INTO table_entries VALUES(407,44,8,11,1,2019,1549892645218,-18000000,3,replace('Headache 2\nLost 1 hour','\n',char(10)));
INSERT INTO table_entries VALUES(408,35,11,11,1,2019,1549902919657,-18000000,3,'Headache 1');
INSERT INTO table_entries VALUES(409,32,13,11,1,2019,1549909979100,-18000000,3,'Headache 0');
INSERT INTO table_entries VALUES(410,27,16,11,1,2019,1549920442603,-18000000,3,'Headache 1');
INSERT INTO table_entries VALUES(411,8,17,11,1,2019,1549922909039,-18000000,3,'Headache 0');
INSERT INTO table_entries VALUES(412,0,8,12,1,2019,1549976439727,-18000000,3,'Headache 1');
INSERT INTO table_entries VALUES(413,25,14,12,1,2019,1549999555947,-18000000,3,'Headache 2');
INSERT INTO table_entries VALUES(414,1,8,13,1,2019,1550062911277,-18000000,3,'Headache 2');
INSERT INTO table_entries VALUES(415,4,10,14,1,2019,1550156698185,-18000000,3,'Headache 2');
INSERT INTO table_entries VALUES(416,0,12,14,1,2019,1550163615765,-18000000,3,'Headache 0');
INSERT INTO table_entries VALUES(417,36,16,14,1,2019,1550180208668,-18000000,3,'Headache 2');
INSERT INTO table_entries VALUES(418,0,21,14,1,2019,1550196050193,-18000000,3,'Headache 1');
INSERT INTO table_entries VALUES(419,47,9,15,1,2019,1550242067398,-18000000,3,'Headache 1');
INSERT INTO table_entries VALUES(420,25,9,16,1,2019,1550327158700,-18000000,3,'Headache 2');
INSERT INTO table_entries VALUES(421,0,15,16,1,2019,1550347247204,-18000000,3,replace('Headache 3\nTook maxalt','\n',char(10)));
INSERT INTO table_entries VALUES(422,0,19,16,1,2019,1550361629754,-18000000,3,'Headache 2');
INSERT INTO table_entries VALUES(423,46,9,17,1,2019,1550414804335,-18000000,3,'Headache 2');
INSERT INTO table_entries VALUES(425,17,10,18,1,2019,1550503029043,-18000000,3,'Headache 2');
INSERT INTO table_entries VALUES(426,44,12,18,1,2019,1550511888524,-18000000,3,replace('Stomach pain above belly button\nAte 0.5 hours ago','\n',char(10)));
INSERT INTO table_entries VALUES(427,0,10,19,1,2019,1550588436061,-18000000,3,'Headache 1');
INSERT INTO table_entries VALUES(428,0,21,18,1,2019,1550541659245,-18000000,3,replace('Headache 1\nExercise','\n',char(10)));
INSERT INTO table_entries VALUES(429,55,9,20,1,2019,1550674509435,-18000000,3,'Headache 2');
INSERT INTO table_entries VALUES(430,48,14,20,1,2019,1550692125470,-18000000,3,'Headache 1');
INSERT INTO table_entries VALUES(431,44,9,21,1,2019,1550760274740,-18000000,3,replace('Headache 3\nTook maxalt, Tylenol','\n',char(10)));
INSERT INTO table_entries VALUES(432,1,14,21,1,2019,1550775670507,-18000000,3,'Headache 2');
INSERT INTO table_entries VALUES(433,52,9,22,1,2019,1550847173647,-18000000,3,'Headache 2');
INSERT INTO table_entries VALUES(434,0,18,22,1,2019,1550876403680,-18000000,3,'Headache 1');
INSERT INTO table_entries VALUES(435,53,9,23,1,2019,1550933598676,-18000000,3,'Headache 1');
INSERT INTO table_entries VALUES(436,14,13,23,1,2019,1550945641151,-18000000,3,'Headache 2');
INSERT INTO table_entries VALUES(437,0,15,23,1,2019,1550952054480,-18000000,3,replace('Headache 3\nTook maxalt, Tylenol, caffeine','\n',char(10)));
INSERT INTO table_entries VALUES(438,0,23,23,1,2019,1550980832760,-18000000,3,'Headache 1');
INSERT INTO table_entries VALUES(439,30,3,24,1,2019,1550997056713,-18000000,3,'Stomach hurts above belly button after eating');
INSERT INTO table_entries VALUES(440,11,8,24,1,2019,1551013870898,-18000000,3,'Headache 1');
INSERT INTO table_entries VALUES(441,0,8,25,1,2019,1551099652761,-18000000,3,replace('Headache 3\nTook maxalt, Tylenol, caffeine','\n',char(10)));
INSERT INTO table_entries VALUES(442,19,13,25,1,2019,1551118761793,-18000000,3,'Headache 2');
INSERT INTO table_entries VALUES(443,3,16,25,1,2019,1551128600108,-18000000,3,replace('Headache 1\nStarted magnesium oxide 400mg\nStarted riboflavin 400mg','\n',char(10)));
INSERT INTO table_entries VALUES(444,0,17,25,1,2019,1551132044364,-18000000,3,'Headache 0');
INSERT INTO table_entries VALUES(445,25,21,25,1,2019,1551147937992,-18000000,3,'Headache 1');
INSERT INTO table_entries VALUES(446,0,23,25,1,2019,1551153604543,-18000000,3,'Headache 0');
INSERT INTO table_entries VALUES(447,9,10,26,1,2019,1551193757223,-18000000,3,'Headache 1');
INSERT INTO table_entries VALUES(448,48,10,26,1,2019,1551196131019,-18000000,3,'Stomach hurts above belly button');
INSERT INTO table_entries VALUES(449,48,16,26,1,2019,1551217691757,-18000000,3,'Headache 2');
INSERT INTO table_entries VALUES(450,0,19,26,1,2019,1551225636594,-18000000,3,'Headache 1');
INSERT INTO table_entries VALUES(451,12,0,27,1,2019,1551244372163,-18000000,3,'Headache 2');
INSERT INTO table_entries VALUES(452,50,8,27,1,2019,1551275409315,-18000000,3,replace('Headache 4\nTook maxalt, Tylenol','\n',char(10)));
INSERT INTO table_entries VALUES(453,15,11,27,1,2019,1551284159509,-18000000,3,'Headache 1');
INSERT INTO table_entries VALUES(454,26,14,27,1,2019,1551295562481,-18000000,3,'Headache 2');
INSERT INTO table_entries VALUES(455,0,18,27,1,2019,1551308449696,-18000000,3,'Headache 1');
INSERT INTO table_entries VALUES(456,27,9,28,1,2019,1551364037068,-18000000,3,'Headache 0');
INSERT INTO table_entries VALUES(457,41,8,1,2,2019,1551447674604,-18000000,3,'Headache 0');
INSERT INTO table_entries VALUES(458,26,10,1,2,2019,1551453981000,-18000000,3,'Stomach hurt above belly button. Ate balance yogurt honey peanut bar immediately, metamucil 20 minutes ago');
INSERT INTO table_entries VALUES(459,0,15,1,2,2019,1551470448007,-18000000,3,'Headache 1');
INSERT INTO table_entries VALUES(460,30,19,1,2,2019,1551486655188,-18000000,3,'Headache 0');
INSERT INTO table_entries VALUES(461,42,8,2,2,2019,1551534137392,-18000000,3,'Headache 1');
INSERT INTO table_entries VALUES(462,46,10,2,2,2019,1551541590080,-18000000,3,'Headache 2');
INSERT INTO table_entries VALUES(463,10,14,2,2,2019,1551553803904,-18000000,3,'Headache 1');
INSERT INTO table_entries VALUES(464,35,18,2,2,2019,1551569740335,-18000000,3,'Headache 0');
INSERT INTO table_entries VALUES(465,57,19,2,2,2019,1551574670349,-18000000,3,'Headache 2');
INSERT INTO table_entries VALUES(466,46,20,2,2,2019,1551577612318,-18000000,3,'Headache 1');
INSERT INTO table_entries VALUES(467,55,22,2,2,2019,1551585303127,-18000000,3,'Headache 2');
INSERT INTO table_entries VALUES(468,11,9,3,2,2019,1551622319985,-18000000,3,'Headache 1');
INSERT INTO table_entries VALUES(469,5,10,3,2,2019,1551625544162,-18000000,3,'Headache 2');
INSERT INTO table_entries VALUES(470,21,15,2,2,2019,1551558112640,-18000000,3,'Stomach pain below belly button. Ate sandwich, coleslaw, protein bar');
INSERT INTO table_entries VALUES(471,22,10,3,2,2019,1551626562170,-18000000,3,'Stomach pain above belly button. No food');
INSERT INTO table_entries VALUES(472,0,12,3,2,2019,1551632441687,-18000000,3,'Headache 1');
INSERT INTO table_entries VALUES(473,51,14,3,2,2019,1551642714354,-18000000,3,'Headache 0');
INSERT INTO table_entries VALUES(474,45,17,3,2,2019,1551653150474,-18000000,3,'Headache 2');
INSERT INTO table_entries VALUES(475,11,18,3,2,2019,1551654661643,-18000000,3,replace('Headache 1\nPain below belly button. Ate 1 hour ago','\n',char(10)));
INSERT INTO table_entries VALUES(476,30,8,4,2,2019,1551706252716,-18000000,3,'Headache 2');
INSERT INTO table_entries VALUES(477,19,13,4,2,2019,1551723597625,-18000000,3,'Headache 1');
INSERT INTO table_entries VALUES(478,30,14,4,2,2019,1551727803869,-18000000,3,'Headache 2');
INSERT INTO table_entries VALUES(479,1,19,4,2,2019,1551744065778,-18000000,3,replace('Headache 3\nTook maxalt','\n',char(10)));
INSERT INTO table_entries VALUES(480,15,6,5,2,2019,1551784522119,-18000000,3,'Headache 2');
INSERT INTO table_entries VALUES(481,54,9,5,2,2019,1551797680624,-18000000,3,'Headache 3');
INSERT INTO table_entries VALUES(482,0,19,5,2,2019,1551830411938,-18000000,3,'Headache 2');
INSERT INTO table_entries VALUES(483,58,6,6,2,2019,1551873493587,-18000000,3,'Headache 1');
INSERT INTO table_entries VALUES(484,24,11,6,2,2019,1551889476479,-18000000,3,'Headache 2');
INSERT INTO table_entries VALUES(485,0,8,7,2,2019,1551963629447,-18000000,3,'Headache 1');
INSERT INTO table_entries VALUES(486,11,11,7,2,2019,1551975100162,-18000000,3,replace('Headache 2\nStomach pain. Ate 2 "balance" yogurt protein bars','\n',char(10)));
INSERT INTO table_entries VALUES(487,0,17,7,2,2019,1551996018683,-18000000,3,'Headache 1');
INSERT INTO table_entries VALUES(488,0,8,8,2,2019,1552050057856,-18000000,3,'Headache 2');
INSERT INTO table_entries VALUES(489,0,8,9,2,2019,1552136459776,-18000000,3,replace('Headache 0\nTook Aimovig 70 mg','\n',char(10)));
INSERT INTO table_entries VALUES(490,0,20,9,2,2019,1552179604215,-18000000,3,replace('Headache 3\nTook maxalt','\n',char(10)));
INSERT INTO table_entries VALUES(491,50,4,10,2,2019,1552207800298,-14400000,3,'Headache 2');
INSERT INTO table_entries VALUES(492,45,9,10,2,2019,1552225556277,-14400000,3,'Headache 0');
INSERT INTO table_entries VALUES(493,45,21,10,2,2019,1552268759291,-14400000,3,'Headache 1');
INSERT INTO table_entries VALUES(494,20,3,11,2,2019,1552288854443,-14400000,3,'Headache 0');
INSERT INTO table_entries VALUES(495,0,8,11,2,2019,1552305628889,-14400000,3,'Headache 2');
INSERT INTO table_entries VALUES(496,30,19,11,2,2019,1552347029890,-14400000,3,'Headache 1');
INSERT INTO table_entries VALUES(497,0,8,12,2,2019,1552392044963,-14400000,3,replace('Headache 3\nTook maxalt','\n',char(10)));
INSERT INTO table_entries VALUES(498,0,13,12,2,2019,1552410025611,-14400000,3,'Headache 2');
INSERT INTO table_entries VALUES(499,6,22,12,2,2019,1552442767328,-14400000,3,'Headache 3');
INSERT INTO table_entries VALUES(500,0,9,13,2,2019,1552482008884,-14400000,3,'Headache 2');
INSERT INTO table_entries VALUES(501,8,21,13,2,2019,1552525733411,-14400000,3,'Headache 1');
INSERT INTO table_entries VALUES(503,16,4,14,2,2019,1552551413412,-14400000,3,'Headache 1');
INSERT INTO table_entries VALUES(504,38,11,14,2,2019,1552577926610,-14400000,3,'Headache 1');
INSERT INTO table_entries VALUES(505,27,17,14,2,2019,1552598828089,-14400000,3,'Headache 0');
INSERT INTO table_entries VALUES(506,0,8,15,2,2019,1552651232932,-14400000,3,'Headache 1');
INSERT INTO table_entries VALUES(507,8,10,15,2,2019,1552658915833,-14400000,3,'Headache 2');
INSERT INTO table_entries VALUES(508,30,11,15,2,2019,1552663807335,-14400000,3,'Headache 1');
INSERT INTO table_entries VALUES(509,47,17,15,2,2019,1552686438984,-14400000,3,'Headache 2');
INSERT INTO table_entries VALUES(510,0,19,15,2,2019,1552690834844,-14400000,3,'Headache 0');
INSERT INTO table_entries VALUES(511,20,7,16,2,2019,1552735240322,-14400000,3,replace('Headache 2\nTook maxalt','\n',char(10)));
INSERT INTO table_entries VALUES(512,43,11,16,2,2019,1552751031359,-14400000,3,'Headache 1.5');
INSERT INTO table_entries VALUES(513,0,14,16,2,2019,1552759253740,-14400000,3,'Headache 0.5');
INSERT INTO table_entries VALUES(514,0,8,17,2,2019,1552824012015,-14400000,3,replace('Headache 3.5\nTook maxalt','\n',char(10)));
INSERT INTO table_entries VALUES(515,36,13,17,2,2019,1552844188581,-14400000,3,'Headache 1.75');
INSERT INTO table_entries VALUES(516,30,14,17,2,2019,1552847445162,-14400000,3,'Headache 1.25');
INSERT INTO table_entries VALUES(517,51,0,18,2,2019,1552884685209,-14400000,3,'Headache 2');
INSERT INTO table_entries VALUES(518,23,21,18,2,2019,1552958636385,-14400000,3,'Headache 1.5');
INSERT INTO table_entries VALUES(519,49,9,19,2,2019,1553003364212,-14400000,3,'Headache 2.2');
INSERT INTO table_entries VALUES(520,0,15,19,2,2019,1553022017689,-14400000,3,'Headache 1');
INSERT INTO table_entries VALUES(521,39,8,20,2,2019,1553085547589,-14400000,3,'Headache 0');
INSERT INTO table_entries VALUES(522,30,9,20,2,2019,1553088605899,-14400000,3,'Headache 1.5');
INSERT INTO table_entries VALUES(523,15,20,19,2,2019,1553040916226,-14400000,3,'Exercise');
INSERT INTO table_entries VALUES(524,15,12,9,2,2019,1552151753063,-18000000,3,'Exercise');
INSERT INTO table_entries VALUES(525,44,16,20,2,2019,1553114643245,-14400000,3,'Headache 1.5');
INSERT INTO table_entries VALUES(526,0,11,20,2,2019,1553094014838,-14400000,3,'Headache 1');
INSERT INTO table_entries VALUES(527,40,8,21,2,2019,1553172030082,-14400000,3,'Headache 1.5');
INSERT INTO table_entries VALUES(528,0,13,21,2,2019,1553187634596,-14400000,3,'Headache 0.5');
INSERT INTO table_entries VALUES(529,0,9,22,2,2019,1553259641833,-14400000,3,'Headache 0.5');
INSERT INTO table_entries VALUES(530,15,13,22,2,2019,1553274941377,-14400000,3,'Headache 1.5');
INSERT INTO table_entries VALUES(531,30,15,22,2,2019,1553283058976,-14400000,3,'Headache 1');
INSERT INTO table_entries VALUES(532,0,8,23,2,2019,1553342424229,-14400000,3,'Headache 1');
INSERT INTO table_entries VALUES(533,48,16,23,2,2019,1553374084131,-14400000,3,replace('Headache 2\nTook maxalt, Tylenol, caffeine','\n',char(10)));
INSERT INTO table_entries VALUES(534,0,21,23,2,2019,1553389222196,-14400000,3,'Headache 1.5');
INSERT INTO table_entries VALUES(535,0,8,24,2,2019,1553428831031,-14400000,3,'Headache 1.5');
INSERT INTO table_entries VALUES(536,0,16,24,2,2019,1553457618815,-14400000,3,'Headache 2');
INSERT INTO table_entries VALUES(537,0,9,25,2,2019,1553518857808,-14400000,3,'Headache 1.5');
INSERT INTO table_entries VALUES(538,0,11,25,2,2019,1553526030469,-14400000,3,'Headache 2');
INSERT INTO table_entries VALUES(539,7,17,25,2,2019,1553548071250,-14400000,3,'Headache 1.5');
INSERT INTO table_entries VALUES(540,46,3,26,2,2019,1553586360933,-14400000,3,'Stomach pain below belly button no food');
INSERT INTO table_entries VALUES(541,30,8,26,2,2019,1553603404810,-14400000,3,'Headache 1.75');
INSERT INTO table_entries VALUES(542,0,17,26,2,2019,1553634007513,-14400000,3,'Headache 1.5');
INSERT INTO table_entries VALUES(543,59,14,27,2,2019,1553713161721,-14400000,3,'Headache 1');
INSERT INTO table_entries VALUES(544,38,6,28,2,2019,1553769533835,-14400000,3,'Headache 1');
INSERT INTO table_entries VALUES(545,0,14,28,2,2019,1553796032060,-14400000,3,replace('Headache 2.5\nTook maxalt','\n',char(10)));
INSERT INTO table_entries VALUES(546,30,20,28,2,2019,1553819442128,-14400000,3,'Headache 2');
INSERT INTO table_entries VALUES(547,24,20,29,2,2019,1553905463893,-14400000,3,'Headache 0.5');
INSERT INTO table_entries VALUES(548,0,8,30,2,2019,1553947224351,-14400000,3,'Headache 1.75');
INSERT INTO table_entries VALUES(549,0,8,31,2,2019,1554033620661,-14400000,3,'Headache 0.5');
INSERT INTO table_entries VALUES(550,44,19,31,2,2019,1554075865076,-14400000,3,'Headache 1');
INSERT INTO table_entries VALUES(551,3,10,1,3,2019,1554127387917,-14400000,3,'Headache 0.5');
INSERT INTO table_entries VALUES(552,46,14,1,3,2019,1554144382267,-14400000,3,'Headache 1.25');
INSERT INTO table_entries VALUES(553,41,0,2,3,2019,1554180061395,-14400000,3,replace('Stomach pain. Minor, above and below belly button\nAte chicken, vegetables, cheese, tortilla','\n',char(10)));
INSERT INTO table_entries VALUES(554,0,8,2,3,2019,1554206403218,-14400000,3,'Headache 0.5');
INSERT INTO table_entries VALUES(555,0,8,3,3,2019,1554292850162,-14400000,3,'Headache 1.5');
INSERT INTO table_entries VALUES(556,0,14,3,3,2019,1554314446100,-14400000,3,'Headache 1');
INSERT INTO table_entries VALUES(557,0,18,3,3,2019,1554328831594,-14400000,3,'Headache 0.5');
INSERT INTO table_entries VALUES(558,40,9,4,3,2019,1554385223330,-14400000,3,'Stomach pain medium, 10 seconds. Had clif bars');
INSERT INTO table_entries VALUES(559,0,8,4,3,2019,1554379259107,-14400000,3,'Headache 1');
INSERT INTO table_entries VALUES(560,0,12,4,3,2019,1554393620748,-14400000,3,replace('Headache 0\nTook Novocain','\n',char(10)));
INSERT INTO table_entries VALUES(561,0,18,4,3,2019,1554415258441,-14400000,3,'Headache 1');
INSERT INTO table_entries VALUES(562,0,9,5,3,2019,1554469213193,-14400000,3,'Headache 1.5');
INSERT INTO table_entries VALUES(563,30,13,5,3,2019,1554485403853,-14400000,3,replace('Headache 2.5\nTook maxalt\nTook Excedrin','\n',char(10)));
INSERT INTO table_entries VALUES(564,17,15,5,3,2019,1554491825164,-14400000,3,replace('Headache 1.5\nStarted Gralise 900mg','\n',char(10)));
INSERT INTO table_entries VALUES(565,46,9,6,3,2019,1554558419374,-14400000,3,'Headache 1');
INSERT INTO table_entries VALUES(567,0,14,6,3,2019,1554573654769,-14400000,3,'Headache 0.5');
INSERT INTO table_entries VALUES(568,45,8,7,3,2019,1554641158027,-14400000,3,replace('Headache 2\nTook maxalt\nTook nsaid \nTook caffeine','\n',char(10)));
INSERT INTO table_entries VALUES(569,14,10,7,3,2019,1554646464593,-14400000,3,'Headache 1.75');
INSERT INTO table_entries VALUES(570,30,12,7,3,2019,1554654612722,-14400000,3,'Headache 1.25');
INSERT INTO table_entries VALUES(571,31,18,8,3,2019,1554762695399,-14400000,3,'Headache 0.5');
INSERT INTO table_entries VALUES(572,57,19,8,3,2019,1554767863079,-14400000,3,'Headache 2');
INSERT INTO table_entries VALUES(573,12,9,9,3,2019,1554815568232,-14400000,3,'Headache 2');
INSERT INTO table_entries VALUES(574,28,9,9,3,2019,1554816522479,-14400000,3,'Headache 2.5');
INSERT INTO table_entries VALUES(575,30,9,9,3,2019,1554816643374,-14400000,3,replace('Took caffeine\nTook maxalt\nTook Tylenol','\n',char(10)));
INSERT INTO table_entries VALUES(576,0,11,9,3,2019,1554822010821,-14400000,3,'Headache 2');
INSERT INTO table_entries VALUES(577,0,12,9,3,2019,1554825637211,-14400000,3,'Took Aimovig 140mg');
INSERT INTO table_entries VALUES(578,0,14,9,3,2019,1554832852474,-14400000,3,'Headache 1');
INSERT INTO table_entries VALUES(579,28,17,9,3,2019,1554845297948,-14400000,3,'Headache 0.5');
INSERT INTO table_entries VALUES(580,43,10,10,3,2019,1554907390077,-14400000,3,'Headache 1');
INSERT INTO table_entries VALUES(581,0,17,10,3,2019,1554930057651,-14400000,3,'Headache 0.5');
INSERT INTO table_entries VALUES(582,0,8,11,3,2019,1554984017025,-14400000,3,'Headache 0.5');
INSERT INTO table_entries VALUES(583,8,18,11,3,2019,1555020481017,-14400000,3,'Stomach momentary pain, ate oatmeal');
INSERT INTO table_entries VALUES(584,0,8,12,3,2019,1555070414449,-14400000,3,'Headache 0.5');
INSERT INTO table_entries VALUES(585,41,14,12,3,2019,1555094506977,-14400000,3,'Stomach pain minor after eating clif bar, 10-15 seconds');
INSERT INTO table_entries VALUES(586,58,10,13,3,2019,1555167488577,-14400000,3,'Headache 1');
INSERT INTO table_entries VALUES(587,0,14,13,3,2019,1555178459122,-14400000,3,'Headache 0');
INSERT INTO table_entries VALUES(588,0,13,13,3,2019,1555174833163,-14400000,3,'Momentary moderate stomach pain, had thinkthin protein bar');
INSERT INTO table_entries VALUES(589,31,16,13,3,2019,1555187504090,-14400000,3,'Headache 0.5');
INSERT INTO table_entries VALUES(590,48,17,13,3,2019,1555192111949,-14400000,3,replace('Headache 1.5\nTook Tylenol','\n',char(10)));
INSERT INTO table_entries VALUES(591,56,8,14,3,2019,1555246564667,-14400000,3,'Headache 1.5');
INSERT INTO table_entries VALUES(592,37,10,14,3,2019,1555252657239,-14400000,3,'Headache 0.75');
INSERT INTO table_entries VALUES(593,0,17,14,3,2019,1555275626466,-14400000,3,'Headache 1.5');
INSERT INTO table_entries VALUES(594,0,8,15,3,2019,1555329614391,-14400000,3,'Headache 0.5');
INSERT INTO table_entries VALUES(595,0,8,16,3,2019,1555416010535,-14400000,3,'Headache 1.75');
INSERT INTO table_entries VALUES(596,0,11,16,3,2019,1555426807487,-14400000,3,'Headache 1.5');
INSERT INTO table_entries VALUES(597,0,17,16,3,2019,1555448400808,-14400000,3,'Headache 1.25');
INSERT INTO table_entries VALUES(598,0,17,16,3,2019,1555448445614,-14400000,3,'Minor stomach pain for 2 minutes');
INSERT INTO table_entries VALUES(599,0,8,17,3,2019,1555502421051,-14400000,3,'Headache 1');
INSERT INTO table_entries VALUES(600,0,8,18,3,2019,1555588855087,-14400000,3,'Headache 0.5');
INSERT INTO table_entries VALUES(601,18,10,18,3,2019,1555597121677,-14400000,3,'Stomach moderate pain off and on for 5 minutes, 20 minutes after eating cereal, milk, nuts');
INSERT INTO table_entries VALUES(602,30,16,18,3,2019,1555619435847,-14400000,3,'Headache 1.75');
INSERT INTO table_entries VALUES(603,49,20,18,3,2019,1555634950025,-14400000,3,replace('Took maxalt\nTook Tylenol','\n',char(10)));
INSERT INTO table_entries VALUES(604,58,21,18,3,2019,1555639084881,-14400000,3,'Headache 1.5');
INSERT INTO table_entries VALUES(605,0,11,19,3,2019,1555686050157,-14400000,3,replace('Headache 1.5\nmoderate Stomach pain for 5 minutes 15 minutes after eating. Ate a burrito','\n',char(10)));
INSERT INTO table_entries VALUES(606,13,15,20,3,2019,1555787634837,-14400000,3,'Headache 1.25');
INSERT INTO table_entries VALUES(607,0,8,21,3,2019,1555848021240,-14400000,3,'Headache 1.75');
INSERT INTO table_entries VALUES(608,0,11,21,3,2019,1555858836725,-14400000,3,'Headache 1.25');
INSERT INTO table_entries VALUES(609,10,9,22,3,2019,1555938650472,-14400000,3,'Headache 1.25');
INSERT INTO table_entries VALUES(610,34,7,23,3,2019,1556019269373,-14400000,3,'Headache 1.5');
INSERT INTO table_entries VALUES(611,33,12,23,3,2019,1556037227745,-14400000,3,'Stomach moderate pain for 5 minutes 10 minutes after eating, first near ribcage in middle then on right side a little lower. Had sandwich with light jalapenos and spicy mustard');
INSERT INTO table_entries VALUES(612,30,12,24,3,2019,1556123434577,-14400000,3,'Headache 1.25');
INSERT INTO table_entries VALUES(613,0,16,24,3,2019,1556136035664,-14400000,3,'Headache 0.75');
INSERT INTO table_entries VALUES(614,0,8,25,3,2019,1556193600374,-14400000,3,'Headache 1.25');
INSERT INTO table_entries VALUES(615,0,8,26,3,2019,1556280018423,-14400000,3,'Headache 1.25');
INSERT INTO table_entries VALUES(616,0,8,27,3,2019,1556366418118,-14400000,3,'Headache 0.75');
INSERT INTO table_entries VALUES(617,0,8,28,3,2019,1556452822309,-14400000,3,'Headache 0.75');
INSERT INTO table_entries VALUES(618,45,6,29,3,2019,1556534759373,-14400000,3,'Headache 0.75');
INSERT INTO table_entries VALUES(619,30,16,29,3,2019,1556569815526,-14400000,3,'Headache 1.25');
INSERT INTO table_entries VALUES(620,29,18,29,3,2019,1556576948136,-14400000,3,replace('Headache 1.5\nTook maxalt\nTook Tylenol','\n',char(10)));
INSERT INTO table_entries VALUES(621,45,6,30,3,2019,1556621101662,-14400000,3,'Headache 1.5');
INSERT INTO table_entries VALUES(622,51,13,30,3,2019,1556646662833,-14400000,3,'Headache 1.6');
INSERT INTO table_entries VALUES(623,36,7,1,4,2019,1556710598292,-14400000,3,'Headache 1.35');
INSERT INTO table_entries VALUES(624,25,21,1,4,2019,1556760316678,-14400000,3,'Headache 1.2');
INSERT INTO table_entries VALUES(625,41,6,2,4,2019,1556793675056,-14400000,3,'Headache 1.4');
INSERT INTO table_entries VALUES(626,0,13,2,4,2019,1556816440028,-14400000,3,'Headache 1.7');
INSERT INTO table_entries VALUES(627,50,19,2,4,2019,1556841036773,-14400000,3,'Headache 1.2');
INSERT INTO table_entries VALUES(628,7,10,3,4,2019,1556892446937,-14400000,3,'Headache 1.5');
INSERT INTO table_entries VALUES(629,38,13,3,4,2019,1556905110076,-14400000,3,'Took Excedrin');
INSERT INTO table_entries VALUES(630,12,14,3,4,2019,1556907137009,-14400000,3,'Headache 1.6');
INSERT INTO table_entries VALUES(631,0,8,4,4,2019,1556971256546,-14400000,3,'Headache 1.2');
INSERT INTO table_entries VALUES(632,0,8,5,4,2019,1557057606135,-14400000,3,replace('Headache 3\nTook maxalt\nTook Tylenol','\n',char(10)));
INSERT INTO table_entries VALUES(633,30,9,5,4,2019,1557063030002,-14400000,3,replace('Headache 5\nFell asleep while icing head, made it a lot worse','\n',char(10)));
INSERT INTO table_entries VALUES(634,56,11,5,4,2019,1557071816319,-14400000,3,'Headache 2.5');
INSERT INTO table_entries VALUES(635,0,14,5,4,2019,1557079229188,-14400000,3,'Headache 2');
INSERT INTO table_entries VALUES(636,0,16,5,4,2019,1557086406735,-14400000,3,'Headache 1.75');
INSERT INTO table_entries VALUES(637,0,20,6,4,2019,1557187220876,-14400000,3,'Headache 1.3');
INSERT INTO table_entries VALUES(638,0,8,7,4,2019,1557230416975,-14400000,3,'Headache 1.5');
INSERT INTO table_entries VALUES(639,30,11,7,4,2019,1557243040276,-14400000,3,'Headache 1.2');
INSERT INTO table_entries VALUES(640,0,8,8,4,2019,1557316848195,-14400000,3,'Headache 1');
INSERT INTO table_entries VALUES(641,22,14,8,4,2019,1557339778262,-14400000,3,'Headache 1.3');
INSERT INTO table_entries VALUES(642,20,8,9,4,2019,1557404419226,-14400000,3,replace('Headache 2.5\nTook maxalt, Tylenol','\n',char(10)));
INSERT INTO table_entries VALUES(643,0,12,9,4,2019,1557417636360,-14400000,3,'Headache 1.5');
INSERT INTO table_entries VALUES(644,37,20,9,4,2019,1557448673804,-14400000,3,'Headache 1.25');
INSERT INTO table_entries VALUES(645,30,8,10,4,2019,1557491400565,-14400000,3,'Headache 1.5');
INSERT INTO table_entries VALUES(646,0,10,10,4,2019,1557496827221,-14400000,3,replace('Headache 3\nTook maxalt\nTook toradol','\n',char(10)));
INSERT INTO table_entries VALUES(647,35,17,10,4,2019,1557524102197,-14400000,3,'Headache 0.5');
INSERT INTO table_entries VALUES(648,0,8,11,4,2019,1557576028976,-14400000,3,'Headache 0.5');
INSERT INTO table_entries VALUES(649,0,8,12,4,2019,1557662440540,-14400000,3,'Headache 1.25');
INSERT INTO table_entries VALUES(650,0,8,13,4,2019,1557748824405,-14400000,3,'Headache 0.5');
INSERT INTO table_entries VALUES(651,51,14,13,4,2019,1557773496201,-14400000,3,'Headache 1.25');
INSERT INTO table_entries VALUES(652,51,20,13,4,2019,1557795110323,-14400000,3,'Headache 1');
INSERT INTO table_entries VALUES(653,0,8,14,4,2019,1557835239264,-14400000,3,'Headache 0.5');
INSERT INTO table_entries VALUES(654,0,8,15,4,2019,1557921642663,-14400000,3,'Headache 1.5');
INSERT INTO table_entries VALUES(655,50,11,15,4,2019,1557935455191,-14400000,3,replace('Headache 1.5\nTook maxalt','\n',char(10)));
INSERT INTO table_entries VALUES(656,0,8,16,4,2019,1558008007620,-14400000,3,replace('Headache 2\nTook maxalt, Tylenol, caffeine','\n',char(10)));
INSERT INTO table_entries VALUES(657,53,10,16,4,2019,1558018423906,-14400000,3,'Headache 1.5');
INSERT INTO table_entries VALUES(658,7,14,16,4,2019,1558030069298,-14400000,3,'Headache 1.25');
INSERT INTO table_entries VALUES(659,0,8,17,4,2019,1558094402622,-14400000,3,'Headache 1.25');
INSERT INTO table_entries VALUES(660,0,8,18,4,2019,1558180821360,-14400000,3,'Headache 1.25');
INSERT INTO table_entries VALUES(661,26,12,19,4,2019,1558283164795,-14400000,3,'Headache 0.75');
INSERT INTO table_entries VALUES(662,0,8,20,4,2019,1558353650276,-14400000,3,'Headache 1.25');
INSERT INTO table_entries VALUES(663,2,14,21,4,2019,1558461775251,-14400000,3,'Headache 1.15');
INSERT INTO table_entries VALUES(664,0,16,21,4,2019,1558468832128,-14400000,3,'Headache 1.4');
INSERT INTO table_entries VALUES(665,0,19,21,4,2019,1558479652863,-14400000,3,replace('Headache 1.75\nTook maxalt','\n',char(10)));
INSERT INTO table_entries VALUES(666,0,8,22,4,2019,1558526438662,-14400000,3,'Headache 1.75');
INSERT INTO table_entries VALUES(667,0,12,22,4,2019,1558540804014,-14400000,3,'Headache 1.5');
INSERT INTO table_entries VALUES(668,0,15,22,4,2019,1558551634407,-14400000,3,'Headache 1.25');
INSERT INTO table_entries VALUES(669,22,7,23,4,2019,1558610569943,-14400000,3,'Headache 1.1');
INSERT INTO table_entries VALUES(670,23,7,24,4,2019,1558696985214,-14400000,3,'Headache 1.4');
INSERT INTO table_entries VALUES(671,7,16,24,4,2019,1558728455894,-14400000,3,'Headache 1.6');
INSERT INTO table_entries VALUES(672,0,8,25,4,2019,1558785646899,-14400000,3,'Headache 0.25');
INSERT INTO table_entries VALUES(673,0,8,26,4,2019,1558872005735,-14400000,3,'Headache 1');
INSERT INTO table_entries VALUES(674,0,12,26,4,2019,1558886431889,-14400000,3,'Headache 1.5');
INSERT INTO table_entries VALUES(675,0,8,27,4,2019,1558958451267,-14400000,3,replace('Headache 3\nTook maxalt\nTook Tylenol\nTook caffeine','\n',char(10)));
INSERT INTO table_entries VALUES(676,0,12,27,4,2019,1558972816713,-14400000,3,'Headache 1.5');
INSERT INTO table_entries VALUES(677,10,7,28,4,2019,1559041825829,-14400000,3,'Headache 1.5');
INSERT INTO table_entries VALUES(678,10,7,29,4,2019,1559128244417,-14400000,3,'Headache 1.5');
INSERT INTO table_entries VALUES(679,46,18,29,4,2019,1559169992218,-14400000,3,'Headache 1.75');
INSERT INTO table_entries VALUES(680,18,10,30,4,2019,1559225885512,-14400000,3,'Headache 1.75');
INSERT INTO table_entries VALUES(681,47,16,30,4,2019,1559249238043,-14400000,3,'Headache 1.5');
INSERT INTO table_entries VALUES(682,45,19,30,4,2019,1559259905463,-14400000,3,'Headache 1.25');
INSERT INTO table_entries VALUES(683,52,16,1,5,2019,1559422364221,-14400000,3,'Headache 1.25');
INSERT INTO table_entries VALUES(684,0,8,2,5,2019,1559476850441,-14400000,3,'Headache 3');
INSERT INTO table_entries VALUES(685,30,12,2,5,2019,1559493002989,-14400000,3,'Headache 1.5');
INSERT INTO table_entries VALUES(686,30,21,2,5,2019,1559525425865,-14400000,3,'Headache 1.75');
INSERT INTO table_entries VALUES(687,0,8,3,5,2019,1559563248166,-14400000,3,'Headache 1.5');
INSERT INTO table_entries VALUES(688,0,8,4,5,2019,1559649634022,-14400000,3,'Headache 1.5');
INSERT INTO table_entries VALUES(689,35,6,5,5,2019,1559730906629,-14400000,3,'Headache 1.5');
INSERT INTO table_entries VALUES(690,35,6,31,4,2019,1559298934276,-14400000,3,'Headache 1');
INSERT INTO table_entries VALUES(691,25,13,5,5,2019,1559755559993,-14400000,3,'Headache 1.25');
INSERT INTO table_entries VALUES(692,0,8,6,5,2019,1559822456078,-14400000,3,'Headache 1.25');
INSERT INTO table_entries VALUES(693,43,12,7,5,2019,1559925796041,-14400000,3,'Headache 0.5');
INSERT INTO table_entries VALUES(694,0,8,8,5,2019,1559995243480,-14400000,3,replace('Headache 0.5\nTook Aimovig 140 mg','\n',char(10)));
INSERT INTO table_entries VALUES(695,0,20,9,5,2019,1560124844807,-14400000,3,'Headache 0.25');
INSERT INTO table_entries VALUES(696,56,10,10,5,2019,1560178618814,-14400000,3,'Headache 1.5');
INSERT INTO table_entries VALUES(697,16,13,10,5,2019,1560187010471,-14400000,3,replace('Headache 1.75\nTook maxalt','\n',char(10)));
INSERT INTO table_entries VALUES(698,0,8,11,5,2019,1560254401619,-14400000,3,'Headache 1.5');
INSERT INTO table_entries VALUES(699,27,9,12,5,2019,1560346028807,-14400000,3,'Headache 1.6');
INSERT INTO table_entries VALUES(700,17,16,13,5,2019,1560457064647,-14400000,3,replace('Headache 1.6\nStopped gralise 600mg\nStarted gralise 300mg','\n',char(10)));
INSERT INTO table_entries VALUES(701,0,8,15,5,2019,1560600027526,-14400000,3,'Headache 1.25');
INSERT INTO table_entries VALUES(702,0,8,14,5,2019,1560513642498,-14400000,3,replace('Headache 1.6\nStarted ametryptaline 10mg','\n',char(10)));
INSERT INTO table_entries VALUES(703,0,8,16,5,2019,1560686416383,-14400000,3,replace('Headache 1.25\nMigraine 0\nMood 4/10','\n',char(10)));
INSERT INTO table_entries VALUES(704,29,23,16,5,2019,1560742171844,-14400000,3,replace('Headache 0.5\nMood 8/10','\n',char(10)));
INSERT INTO table_entries VALUES(705,0,8,17,5,2019,1560772854964,-14400000,3,replace('Headache 0.75\nMood 7/10','\n',char(10)));
INSERT INTO table_entries VALUES(706,15,9,18,5,2019,1560863729270,-14400000,3,replace('Headache 1.25\nMood 7/10','\n',char(10)));
INSERT INTO table_entries VALUES(707,26,13,18,5,2019,1560878779607,-14400000,3,'Headache 1');
INSERT INTO table_entries VALUES(708,12,18,18,5,2019,1560895939666,-14400000,3,'Headache 1.5');
INSERT INTO table_entries VALUES(709,0,8,19,5,2019,1560945630319,-14400000,3,replace('Headache 1\nMood 8/10\nMigraine 0','\n',char(10)));
INSERT INTO table_entries VALUES(710,0,8,20,5,2019,1561032053498,-14400000,3,replace('Headache 0.75\nMigraine 0\nMood 7/10','\n',char(10)));
INSERT INTO table_entries VALUES(711,59,14,20,5,2019,1561057159008,-14400000,3,replace('Headache 1.25\nMigraine 0.5\nMood 7/10','\n',char(10)));
INSERT INTO table_entries VALUES(712,30,8,21,5,2019,1561120234330,-14400000,3,replace('Headache 0.25\nMood 6/10','\n',char(10)));
INSERT INTO table_entries VALUES(713,26,15,21,5,2019,1561145213392,-14400000,3,replace('Headache 1\nMood 5/10','\n',char(10)));
INSERT INTO table_entries VALUES(714,0,8,22,5,2019,1561204834051,-14400000,3,replace('Headache 0.75\nMigraine 0\nMood 5/10','\n',char(10)));
INSERT INTO table_entries VALUES(715,45,10,22,5,2019,1561214701699,-14400000,3,'Headache 1.25');
INSERT INTO table_entries VALUES(716,0,13,22,5,2019,1561222851531,-14400000,3,'Headache 0.5');
INSERT INTO table_entries VALUES(717,30,8,23,5,2019,1561293013469,-14400000,3,'Headache 1.25');
INSERT INTO table_entries VALUES(718,0,8,24,5,2019,1561377604377,-14400000,3,'Headache 1.6');
INSERT INTO table_entries VALUES(719,0,16,23,5,2019,1561320034026,-14400000,3,'Went snorkeling, bike riding');
INSERT INTO table_entries VALUES(720,23,10,24,5,2019,1561386183636,-14400000,3,'Took SPRIX');
INSERT INTO table_entries VALUES(721,0,13,24,5,2019,1561395638241,-14400000,3,replace('Headache 2\nTook maxalt','\n',char(10)));
INSERT INTO table_entries VALUES(722,0,18,24,5,2019,1561413605304,-14400000,3,'Headache 1.5');
INSERT INTO table_entries VALUES(723,0,8,25,5,2019,1561464033170,-14400000,3,'Headache 1.25');
INSERT INTO table_entries VALUES(724,7,14,26,5,2019,1561572469054,-14400000,3,'Headache 1.35');
INSERT INTO table_entries VALUES(725,0,8,26,5,2019,1561550413434,-14400000,3,'Headache 1');
INSERT INTO table_entries VALUES(726,53,12,27,5,2019,1561654410096,-14400000,3,replace('Headache 0.75\nMood 7/10','\n',char(10)));
INSERT INTO table_entries VALUES(727,36,15,27,5,2019,1561664214874,-14400000,3,'Headache 1.4');
INSERT INTO table_entries VALUES(728,0,8,28,5,2019,1561723202774,-14400000,3,'Headache 0.5');
INSERT INTO table_entries VALUES(729,50,15,28,5,2019,1561751447103,-14400000,3,'Headache 1.2');
INSERT INTO table_entries VALUES(730,0,8,29,5,2019,1561809650699,-14400000,3,replace('Headache 2.25\nMigraine 2.25\nMood 5/10\nTook maxalt\nTook tylenol','\n',char(10)));
INSERT INTO table_entries VALUES(731,0,16,29,5,2019,1561838424305,-14400000,3,replace('Headache 1\nMigraine 1.5\nStarted amitriptyline 20mg','\n',char(10)));
INSERT INTO table_entries VALUES(732,0,8,30,5,2019,1561896046559,-14400000,3,replace('Headache 0.25\nMigraine 0','\n',char(10)));
INSERT INTO table_entries VALUES(733,45,9,1,6,2019,1561988708942,-14400000,3,'Headache 1.75');
INSERT INTO table_entries VALUES(734,24,10,1,6,2019,1561991082142,-14400000,3,replace('Headache 1.4\nMood 6/10','\n',char(10)));
INSERT INTO table_entries VALUES(735,18,16,1,6,2019,1562012336425,-14400000,3,'Headache 1.25');
INSERT INTO table_entries VALUES(736,0,8,2,6,2019,1562068843296,-14400000,3,'Headache 1');
INSERT INTO table_entries VALUES(737,20,10,3,6,2019,1562163643557,-14400000,3,'Headache 1.25');
INSERT INTO table_entries VALUES(738,0,12,3,6,2019,1562169650159,-14400000,3,replace('Headache 0.5\nMigraine 0','\n',char(10)));
INSERT INTO table_entries VALUES(739,0,8,4,6,2019,1562241620930,-14400000,3,'Headache 0.5');
INSERT INTO table_entries VALUES(740,30,10,4,6,2019,1562250633357,-14400000,3,replace('Headache 1.25\nWent to the gym\nStayed at the beach for 4 hours\nOne alcoholic drink','\n',char(10)));
INSERT INTO table_entries VALUES(741,0,4,5,6,2019,1562313658919,-14400000,3,replace('Headache 4\nTook maxalt\nTook sprix','\n',char(10)));
INSERT INTO table_entries VALUES(742,0,10,5,6,2019,1562335225865,-14400000,3,'Headache 1');
INSERT INTO table_entries VALUES(743,0,16,5,6,2019,1562356853601,-14400000,3,replace('Headache 1.35\nTook sprix','\n',char(10)));
INSERT INTO table_entries VALUES(744,0,8,6,6,2019,1562414456213,-14400000,3,'Headache 1.4');
INSERT INTO table_entries VALUES(745,0,20,6,6,2019,1562457642728,-14400000,3,'Headache 0.75');
INSERT INTO table_entries VALUES(746,0,8,7,6,2019,1562500800926,-14400000,3,'Headache 1.35');
INSERT INTO table_entries VALUES(747,43,14,7,6,2019,1562524994054,-14400000,3,'Headache 1.2');
INSERT INTO table_entries VALUES(748,44,17,7,6,2019,1562535855972,-14400000,3,'Headache 0.75');
INSERT INTO table_entries VALUES(749,0,8,8,6,2019,1562587214007,-14400000,3,'Headache 1');
INSERT INTO table_entries VALUES(750,6,15,8,6,2019,1562612777290,-14400000,3,'Headache 1.25');
INSERT INTO table_entries VALUES(751,0,23,8,6,2019,1562641233865,-14400000,3,'Headache 0.75');
INSERT INTO table_entries VALUES(752,0,8,9,6,2019,1562673617747,-14400000,3,'Headache 0');
INSERT INTO table_entries VALUES(753,9,14,9,6,2019,1562695779845,-14400000,3,'Headache 1.25');
INSERT INTO table_entries VALUES(754,0,20,9,6,2019,1562716820698,-14400000,3,'Headache 0.5');
INSERT INTO table_entries VALUES(755,0,8,10,6,2019,1562760056419,-14400000,3,'Headache 0.5');
INSERT INTO table_entries VALUES(756,0,8,11,6,2019,1562846437069,-14400000,3,'Headache 0.5');
INSERT INTO table_entries VALUES(757,38,10,12,6,2019,1562942285878,-14400000,3,'Headache 1');
INSERT INTO table_entries VALUES(758,0,17,12,6,2019,1562965256414,-14400000,3,'Headache 0.25');
INSERT INTO table_entries VALUES(759,44,13,13,6,2019,1563039858246,-14400000,3,replace('Headache 1\nStarted amitriptyline 30mg\nStopped gralise','\n',char(10)));
INSERT INTO table_entries VALUES(760,43,11,14,6,2019,1563119008579,-14400000,3,'Headache 1.3');
INSERT INTO table_entries VALUES(761,0,14,14,6,2019,1563127222358,-14400000,3,replace('Headache 1.5\nTook maxalt\nTook sprix','\n',char(10)));
INSERT INTO table_entries VALUES(762,0,18,14,6,2019,1563141648976,-14400000,3,'Headache 1.1');
INSERT INTO table_entries VALUES(763,0,8,15,6,2019,1563192009419,-14400000,3,replace('Headache 1.25\nTook sprix','\n',char(10)));
INSERT INTO table_entries VALUES(764,5,11,15,6,2019,1563203128499,-14400000,3,replace('Headache 1.5\nMigraine 1.5','\n',char(10)));
INSERT INTO table_entries VALUES(765,0,14,15,6,2019,1563213657573,-14400000,3,'Took maxalt');
INSERT INTO table_entries VALUES(766,30,15,15,6,2019,1563219019603,-14400000,3,replace('Headache 1.25\nMigraine 0.5','\n',char(10)));
INSERT INTO table_entries VALUES(767,0,8,16,6,2019,1563278459820,-14400000,3,replace('Headache 1.25\nMigraine 0','\n',char(10)));
INSERT INTO table_entries VALUES(768,0,8,17,6,2019,1563364832855,-14400000,3,'Headache 1.2');
INSERT INTO table_entries VALUES(769,0,16,17,6,2019,1563393656459,-14400000,3,'Headache 1.5');
INSERT INTO table_entries VALUES(770,0,21,17,6,2019,1563411624306,-14400000,3,'Headache 1.2');
INSERT INTO table_entries VALUES(771,0,8,18,6,2019,1563451238048,-14400000,3,'Headache 1');
INSERT INTO table_entries VALUES(772,26,10,18,6,2019,1563460012420,-14400000,3,'Headache 1.4');
INSERT INTO table_entries VALUES(773,30,11,18,6,2019,1563463827392,-14400000,3,'Took maxalt');
INSERT INTO table_entries VALUES(774,41,14,18,6,2019,1563475302143,-14400000,3,'Headache 1.25');
INSERT INTO table_entries VALUES(775,0,16,18,6,2019,1563480016446,-14400000,3,'Headache 1.5');
INSERT INTO table_entries VALUES(776,0,8,19,6,2019,1563537647290,-14400000,3,'Headache 1.25');
INSERT INTO table_entries VALUES(777,0,11,19,6,2019,1563548407614,-14400000,3,replace('Headache 1.75\nMigraine 1.75','\n',char(10)));
INSERT INTO table_entries VALUES(778,8,12,19,6,2019,1563552507727,-14400000,3,'Headache 2');
INSERT INTO table_entries VALUES(779,35,12,19,6,2019,1563554112016,-14400000,3,replace('Headache 1.75\nTook maxalt\nTook sprix','\n',char(10)));
INSERT INTO table_entries VALUES(780,0,16,19,6,2019,1563566449573,-14400000,3,'Headache 1.5');
INSERT INTO table_entries VALUES(781,0,19,19,6,2019,1563577205997,-14400000,3,'Headache 1.25');
INSERT INTO table_entries VALUES(782,0,8,20,6,2019,1563624024633,-14400000,3,replace('Headache 1.25\nMigraine 0','\n',char(10)));
INSERT INTO table_entries VALUES(783,0,21,20,6,2019,1563670812329,-14400000,3,'Headache 1.5');
INSERT INTO table_entries VALUES(784,0,8,21,6,2019,1563710429941,-14400000,3,replace('Headache 1\nMigraine 1.5','\n',char(10)));
INSERT INTO table_entries VALUES(785,40,10,21,6,2019,1563720049982,-14400000,3,'Headache 1.4');
INSERT INTO table_entries VALUES(786,0,10,21,6,2019,1563717605279,-14400000,3,replace('Took maxalt\nTook Excedrin','\n',char(10)));
INSERT INTO table_entries VALUES(787,0,8,22,6,2019,1563796851873,-14400000,3,'Headache 0.75');
INSERT INTO table_entries VALUES(788,0,8,23,6,2019,1563883219103,-14400000,3,'Headache 0.6');
INSERT INTO table_entries VALUES(789,0,8,24,6,2019,1563969633464,-14400000,3,'Headache 1');
INSERT INTO table_entries VALUES(790,0,19,24,6,2019,1564009215558,-14400000,3,'Migraine 1.5');
INSERT INTO table_entries VALUES(791,0,8,25,6,2019,1564056046485,-14400000,3,'Headache 0.5');
INSERT INTO table_entries VALUES(792,0,8,26,6,2019,1564142459018,-14400000,3,'Headache 0.75');
INSERT INTO table_entries VALUES(793,0,8,27,6,2019,1564228828537,-14400000,3,'Headache 1');
INSERT INTO table_entries VALUES(794,13,12,28,6,2019,1564330421918,-14400000,3,replace('Headache 1\nMigraine 1\nTook maxalt','\n',char(10)));
INSERT INTO table_entries VALUES(795,0,8,29,6,2019,1564401629732,-14400000,3,'Headache 0.5');
INSERT INTO table_entries VALUES(796,0,8,30,6,2019,1564488042898,-14400000,3,'Headache 0.75');
INSERT INTO table_entries VALUES(797,0,8,31,6,2019,1564574421423,-14400000,3,'Headache 0.6');
INSERT INTO table_entries VALUES(798,50,13,31,6,2019,1564595416621,-14400000,3,'Headache 1.1');
INSERT INTO table_entries VALUES(799,0,8,1,7,2019,1564660855283,-14400000,3,'Headache 1');
INSERT INTO table_entries VALUES(800,0,8,2,7,2019,1564747231495,-14400000,3,'Headache 1');
INSERT INTO table_entries VALUES(801,0,15,1,7,2019,1564686016765,-14400000,3,'Headache 0.5');
INSERT INTO table_entries VALUES(802,0,20,2,7,2019,1564790408812,-14400000,3,'Started amitriptyline 40mg');
INSERT INTO table_entries VALUES(803,0,8,3,7,2019,1564833636933,-14400000,3,'Headache 1');
INSERT INTO table_entries VALUES(804,12,12,3,7,2019,1564848734800,-14400000,3,'Headache 1.25');
INSERT INTO table_entries VALUES(805,23,12,8,6,2019,1562603010994,-14400000,3,replace('Took Aimovig 140mg\nApproximate; forgot to record','\n',char(10)));
INSERT INTO table_entries VALUES(806,0,14,3,7,2019,1564855236219,-14400000,3,replace('Headache 1.5\nTook sumatriptan injectable 3mg','\n',char(10)));
INSERT INTO table_entries VALUES(807,0,8,4,7,2019,1564920010201,-14400000,3,'Headache 1.35');
INSERT INTO table_entries VALUES(808,0,8,5,7,2019,1565006427509,-14400000,3,'Headache 0.5');
INSERT INTO table_entries VALUES(809,13,13,6,7,2019,1565111638331,-14400000,3,'Headache 1.15');
INSERT INTO table_entries VALUES(810,0,8,6,7,2019,1565092807525,-14400000,3,'Headache 0.75');
INSERT INTO table_entries VALUES(811,28,17,6,7,2019,1565126886836,-14400000,3,'Headache 1.25');
INSERT INTO table_entries VALUES(812,0,8,7,7,2019,1565179225801,-14400000,3,'Headache 0.5');
INSERT INTO table_entries VALUES(813,0,8,8,7,2019,1565265645371,-14400000,3,'Headache 0.5');
INSERT INTO table_entries VALUES(814,0,8,9,7,2019,1565352001112,-14400000,3,'Headache 1');
INSERT INTO table_entries VALUES(815,0,8,10,7,2019,1565438457387,-14400000,3,'Headache 0.5');
INSERT INTO table_entries VALUES(816,30,14,10,7,2019,1565461813805,-14400000,3,replace('Headache 1.75\nTook maxalt\nTook Excedrin','\n',char(10)));
INSERT INTO table_entries VALUES(817,0,18,10,7,2019,1565474459304,-14400000,3,'Headache 1');
INSERT INTO table_entries VALUES(818,0,8,11,7,2019,1565524851555,-14400000,3,'Headache 0.5');
INSERT INTO table_entries VALUES(819,0,15,11,7,2019,1565550013643,-14400000,3,replace('Headache 1.25\nMigraine 1.25','\n',char(10)));
INSERT INTO table_entries VALUES(820,46,16,11,7,2019,1565556392556,-14400000,3,replace('Headache 1.6\nTook maxalt\nTook Tylenol','\n',char(10)));
INSERT INTO table_entries VALUES(821,0,20,11,7,2019,1565568032466,-14400000,3,'Headache 1.1');
INSERT INTO table_entries VALUES(822,0,8,12,7,2019,1565611257253,-14400000,3,'Headache 0.5');
INSERT INTO table_entries VALUES(823,0,8,13,7,2019,1565697629273,-14400000,3,'Headache 0.75');
INSERT INTO table_entries VALUES(824,47,12,13,7,2019,1565714852709,-14400000,3,'Headache 1');
INSERT INTO table_entries VALUES(825,0,21,13,7,2019,1565744436343,-14400000,3,replace('Headache 0.75\nTook Aimovig 140mg','\n',char(10)));
INSERT INTO table_entries VALUES(826,0,8,14,7,2019,1565784022220,-14400000,3,'Headache 0.5');
INSERT INTO table_entries VALUES(827,0,18,14,7,2019,1565820036101,-14400000,3,'Headache 1.75');
INSERT INTO table_entries VALUES(828,0,8,15,7,2019,1565870455321,-14400000,3,'Headache 1.1');
INSERT INTO table_entries VALUES(829,48,20,15,7,2019,1565912924128,-10800000,3,replace('Headache 0.5\nStarted amitriptyline 50mg','\n',char(10)));
INSERT INTO table_entries VALUES(830,0,8,16,7,2019,1565953225686,-10800000,3,'Headache 1.1');
INSERT INTO table_entries VALUES(831,0,8,17,7,2019,1566039651095,-10800000,3,'Headache 0.4');
INSERT INTO table_entries VALUES(832,0,8,18,7,2019,1566126022208,-10800000,3,'Headache 0.4');
INSERT INTO table_entries VALUES(833,0,20,18,7,2019,1566169206319,-10800000,3,'Headache 1.25');
INSERT INTO table_entries VALUES(834,0,8,19,7,2019,1566212405078,-10800000,3,'Headache 0.5');
INSERT INTO table_entries VALUES(835,0,8,20,7,2019,1566298842358,-10800000,3,'Headache 1.1');
INSERT INTO table_entries VALUES(836,1,11,20,7,2019,1566309677787,-10800000,3,replace('Headache 1.25\nMigraine 1.25\nTook maxalt','\n',char(10)));
INSERT INTO table_entries VALUES(837,29,12,20,7,2019,1566314941195,-10800000,3,replace('Headache 1.5\nMigraine 1.5','\n',char(10)));
INSERT INTO table_entries VALUES(838,0,8,21,7,2019,1566385201655,-10800000,3,'Headache 1');
INSERT INTO table_entries VALUES(839,0,11,21,7,2019,1566396058519,-10800000,3,'Headache 0.5');
INSERT INTO table_entries VALUES(840,25,15,21,7,2019,1566411914335,-10800000,3,'Headache 1.1');
INSERT INTO table_entries VALUES(841,49,16,21,7,2019,1566416972975,-10800000,3,'Headache 1.25');
INSERT INTO table_entries VALUES(842,0,8,22,7,2019,1566471643259,-10800000,3,'Headache 1.1');
INSERT INTO table_entries VALUES(843,0,10,22,7,2019,1566478844092,-10800000,3,'Headache 0.75');
INSERT INTO table_entries VALUES(844,0,14,22,7,2019,1566493206735,-10800000,3,'Headache 1.1');
INSERT INTO table_entries VALUES(845,0,18,22,7,2019,1566507607896,-10800000,3,'Headache 1.5');
INSERT INTO table_entries VALUES(846,42,7,23,7,2019,1566556952919,-10800000,3,'Headache 0.9');
INSERT INTO table_entries VALUES(847,0,11,23,7,2019,1566568804779,-10800000,3,'Headache 0.75');
INSERT INTO table_entries VALUES(848,0,18,23,7,2019,1566594035708,-10800000,3,'Headache 1');
INSERT INTO table_entries VALUES(849,0,8,24,7,2019,1566644438541,-10800000,3,'Headache 1.75');
INSERT INTO table_entries VALUES(850,0,12,24,7,2019,1566658835095,-10800000,3,'Headache 1');
INSERT INTO table_entries VALUES(851,0,8,25,7,2019,1566730859350,-10800000,3,'Headache 1');
INSERT INTO table_entries VALUES(852,3,13,25,7,2019,1566749019168,-10800000,3,replace('Headache 1.5\nMigraine 1.75\nTook sumatriptan\nTook Tylenol','\n',char(10)));
INSERT INTO table_entries VALUES(853,20,14,25,7,2019,1566753648057,-10800000,3,replace('Headache 1\nMigraine 0','\n',char(10)));
INSERT INTO table_entries VALUES(854,30,15,25,7,2019,1566757808037,-10800000,3,'Headache 0.5');
INSERT INTO table_entries VALUES(855,0,8,26,7,2019,1566820810708,-14400000,3,'Headache 1');
INSERT INTO table_entries VALUES(856,0,11,26,7,2019,1566831606868,-14400000,3,'Headache 0.75');
INSERT INTO table_entries VALUES(857,0,8,27,7,2019,1566907257387,-14400000,3,'Headache 0.5');
INSERT INTO table_entries VALUES(858,0,8,28,7,2019,1566993604871,-14400000,3,'Headache 0');
INSERT INTO table_entries VALUES(859,0,8,29,7,2019,1567080059992,-14400000,3,'Headache 0.5');
INSERT INTO table_entries VALUES(860,0,8,30,7,2019,1567166404256,-14400000,3,'Headache 0');
INSERT INTO table_entries VALUES(861,22,17,31,7,2019,1567286540783,-14400000,3,'Headache 0.65');
INSERT INTO table_entries VALUES(862,0,8,1,8,2019,1567339258985,-14400000,3,'Headache 1');
INSERT INTO table_entries VALUES(863,0,0,1,8,2019,1567310442150,-14400000,3,'Headache 0.75');
INSERT INTO table_entries VALUES(864,0,8,2,8,2019,1567425616955,-14400000,3,replace('Headache 0.8\nTook maxalt','\n',char(10)));
INSERT INTO table_entries VALUES(865,0,8,3,8,2019,1567512033091,-14400000,3,'Headache 0.8');
INSERT INTO table_entries VALUES(866,0,8,4,8,2019,1567598402927,-14400000,3,'Headache 0.8');
INSERT INTO table_entries VALUES(867,9,14,5,8,2019,1567706949184,-14400000,3,'Headache 1.25');
INSERT INTO table_entries VALUES(868,0,8,5,8,2019,1567684817429,-14400000,3,'Headache 0.85');
INSERT INTO table_entries VALUES(869,0,5,5,8,2019,1567674039829,-14400000,3,'Headache 0.75');
INSERT INTO table_entries VALUES(870,0,8,6,8,2019,1567771251562,-14400000,3,'Headache 0.5');
INSERT INTO table_entries VALUES(871,2,11,6,8,2019,1567782124054,-14400000,3,'Headache 1.3');
INSERT INTO table_entries VALUES(872,15,14,6,8,2019,1567793729322,-14400000,3,replace('Headache 1.55\nTook maxalt\nTook Excedrin','\n',char(10)));
INSERT INTO table_entries VALUES(873,0,8,9,8,2019,1568030457110,-14400000,3,'Headache 1.1');
INSERT INTO table_entries VALUES(874,0,18,6,8,2019,1567807253698,-14400000,3,'Headache 1.1');
INSERT INTO table_entries VALUES(875,0,8,10,8,2019,1568116857866,-14400000,3,'Headache 1');
INSERT INTO table_entries VALUES(876,38,13,10,8,2019,1568137090079,-14400000,3,'Headache 0.75');
INSERT INTO table_entries VALUES(877,0,8,11,8,2019,1568203257860,-14400000,3,'Headache 0.75');
INSERT INTO table_entries VALUES(878,3,15,11,8,2019,1568228593435,-14400000,3,replace('Headache 1.2\nTook Excedrin','\n',char(10)));
INSERT INTO table_entries VALUES(879,26,17,11,8,2019,1568237195592,-14400000,3,'Headache 0.9');
INSERT INTO table_entries VALUES(880,0,8,12,8,2019,1568289658920,-14400000,3,'Headache 0.5');
INSERT INTO table_entries VALUES(881,30,12,12,8,2019,1568305814386,-14400000,3,'Headache 0.75');
INSERT INTO table_entries VALUES(882,0,16,12,8,2019,1568318454615,-14400000,3,'Headache 1');
INSERT INTO table_entries VALUES(883,0,8,13,8,2019,1568376018744,-14400000,3,'Headache 0');
INSERT INTO table_entries VALUES(884,0,8,14,8,2019,1568462405964,-14400000,3,'Headache 0');
INSERT INTO table_entries VALUES(885,0,8,15,8,2019,1568548822151,-14400000,3,'Headache 0');
INSERT INTO table_entries VALUES(886,30,14,15,8,2019,1568572201834,-14400000,3,'Headache 1.25');
INSERT INTO table_entries VALUES(887,45,17,15,8,2019,1568583944698,-14400000,3,'Headache 0.75');
INSERT INTO table_entries VALUES(888,0,8,16,8,2019,1568635202759,-14400000,3,replace('Headache 1.25\nTook maxalt\nTook Excedrin','\n',char(10)));
INSERT INTO table_entries VALUES(889,0,8,17,8,2019,1568721650321,-14400000,3,'Headache 1.25');
INSERT INTO table_entries VALUES(890,0,19,17,8,2019,1568761255993,-14400000,3,'Headache 1');
INSERT INTO table_entries VALUES(891,0,16,17,8,2019,1568750411578,-14400000,3,'Took Excedrin');
INSERT INTO table_entries VALUES(892,0,8,18,8,2019,1568808025315,-14400000,3,'Headache 1.1');
INSERT INTO table_entries VALUES(893,0,12,18,8,2019,1568822452166,-14400000,3,'Headache 0.75');
INSERT INTO table_entries VALUES(894,0,8,19,8,2019,1568894421739,-14400000,3,'Headache 0.75');
INSERT INTO table_entries VALUES(895,0,8,20,8,2019,1568980836331,-14400000,3,replace('Headache 1\nSwitched magnesium formula','\n',char(10)));
INSERT INTO table_entries VALUES(896,0,8,21,8,2019,1569067238170,-14400000,3,'Headache 0');
INSERT INTO table_entries VALUES(897,21,14,21,8,2019,1569090109353,-14400000,3,'Headache 1');
INSERT INTO table_entries VALUES(898,11,17,21,8,2019,1569100308790,-14400000,3,'Headache 1.1');
INSERT INTO table_entries VALUES(899,0,8,22,8,2019,1569153650854,-14400000,3,replace('Headache 1.35\nTook maxalt\nTook Excedrin','\n',char(10)));
INSERT INTO table_entries VALUES(900,0,14,22,8,2019,1569175243310,-14400000,3,'Headache 2');
INSERT INTO table_entries VALUES(901,0,19,22,8,2019,1569193236835,-14400000,3,'Headache 1.5');
INSERT INTO table_entries VALUES(902,0,8,23,8,2019,1569240059320,-14400000,3,'Headache 1.2');
INSERT INTO table_entries VALUES(903,0,8,24,8,2019,1569326449544,-14400000,3,'Headache 1.15');
INSERT INTO table_entries VALUES(904,0,16,24,8,2019,1569355240296,-14400000,3,replace('Headache 2\nMigraine 2\nTook Sumatriptan injectable','\n',char(10)));
INSERT INTO table_entries VALUES(905,5,19,24,8,2019,1569366346513,-14400000,3,replace('Headache 1.1\nMigraine 0.75','\n',char(10)));
INSERT INTO table_entries VALUES(906,0,8,25,8,2019,1569412826336,-14400000,3,'Headache 1.1');
INSERT INTO table_entries VALUES(907,0,20,25,8,2019,1569456041246,-14400000,3,replace('Headache 1.6\nMigraine 1.6\nTook maxalt','\n',char(10)));
INSERT INTO table_entries VALUES(908,27,22,25,8,2019,1569464865184,-14400000,3,'Took Tylenol');
INSERT INTO table_entries VALUES(909,0,8,26,8,2019,1569499246338,-14400000,3,'Headache 1.1');
INSERT INTO table_entries VALUES(910,0,8,27,8,2019,1569585658690,-14400000,3,'Headache 1.1');
INSERT INTO table_entries VALUES(911,47,20,28,8,2019,1569718048965,-14400000,3,'Headache 1.25');
INSERT INTO table_entries VALUES(912,0,8,29,8,2019,1569758428524,-14400000,3,'Headache 0.8');
INSERT INTO table_entries VALUES(913,0,18,29,8,2019,1569794441492,-14400000,3,replace('Headache 1.5\nTook maxalt','\n',char(10)));
INSERT INTO table_entries VALUES(914,0,23,29,8,2019,1569812403806,-14400000,3,'Headache 1.25');
INSERT INTO table_entries VALUES(915,0,8,30,8,2019,1569844828386,-14400000,3,'Headache 1.5');
INSERT INTO table_entries VALUES(916,0,14,30,8,2019,1569866423983,-14400000,3,'Headache 0.75');
INSERT INTO table_entries VALUES(917,0,8,1,9,2019,1569931204544,-14400000,3,'Headache 0.75');
INSERT INTO table_entries VALUES(918,39,12,1,9,2019,1569947958453,-14400000,3,'Headache 1');
INSERT INTO table_entries VALUES(919,0,8,2,9,2019,1570017619952,-14400000,3,'Headache 0');
INSERT INTO table_entries VALUES(920,0,8,3,9,2019,1570104030817,-14400000,3,'Headache 0');
INSERT INTO table_entries VALUES(921,0,8,4,9,2019,1570190442072,-14400000,3,'Headache 0.75');
INSERT INTO table_entries VALUES(922,0,20,4,9,2019,1570233609125,-14400000,3,replace('Headache 1.25\nTook maxalt\nTook Tylenol','\n',char(10)));
INSERT INTO table_entries VALUES(923,0,8,5,9,2019,1570276805152,-14400000,3,'Headache 0');
INSERT INTO table_entries VALUES(924,0,8,6,9,2019,1570363218242,-14400000,3,'Headache 0');
INSERT INTO table_entries VALUES(925,0,8,7,9,2019,1570449627669,-14400000,3,'Headache 1');
INSERT INTO table_entries VALUES(926,0,12,7,9,2019,1570464035482,-14400000,3,'Headache 0.6');
INSERT INTO table_entries VALUES(927,0,16,7,9,2019,1570478401283,-14400000,3,'Headache 0.85');
INSERT INTO table_entries VALUES(928,0,8,8,9,2019,1570536012419,-14400000,3,'Headache 1');
INSERT INTO table_entries VALUES(929,0,8,9,9,2019,1570622419489,-14400000,3,'Headache 0.75');
INSERT INTO table_entries VALUES(930,30,13,9,9,2019,1570642231806,-14400000,3,'Headache 1.05');
INSERT INTO table_entries VALUES(931,0,8,10,9,2019,1570708801883,-14400000,3,'Headache 1.15');
INSERT INTO table_entries VALUES(932,0,18,10,9,2019,1570744801525,-14400000,3,'Headache 0.6');
INSERT INTO table_entries VALUES(933,0,8,11,9,2019,1570795249439,-14400000,3,'Headache 1');
INSERT INTO table_entries VALUES(934,0,8,12,9,2019,1570881611711,-14400000,3,'Headache 0.75');
INSERT INTO table_entries VALUES(935,0,21,12,9,2019,1570928432054,-14400000,3,replace('Headache 1.25\nTook maxalt\nTook tylenol','\n',char(10)));
INSERT INTO table_entries VALUES(936,0,8,13,9,2019,1570968008334,-14400000,3,'Headache 1.25');
INSERT INTO table_entries VALUES(937,30,19,13,9,2019,1571009439753,-14400000,3,'Headache 1.75');
INSERT INTO table_entries VALUES(938,0,22,13,9,2019,1571018457318,-14400000,3,replace('Headache 2.25\nTook maxalt\nTook Tylenol','\n',char(10)));
INSERT INTO table_entries VALUES(939,0,8,14,9,2019,1571054445000,-14400000,3,replace('Headache 1.15\nTook aimovig','\n',char(10)));
INSERT INTO table_entries VALUES(940,0,8,15,9,2019,1571140838794,-14400000,3,'Headache 1');
INSERT INTO table_entries VALUES(941,0,20,14,9,2019,1571097604076,-14400000,3,replace('Headache 3\nMigraine 3\nCaffeine withdrawal?','\n',char(10)));
INSERT INTO table_entries VALUES(942,0,8,16,9,2019,1571227230414,-14400000,3,'Headache 0.9');
INSERT INTO table_entries VALUES(943,52,15,16,9,2019,1571255562788,-14400000,3,'Headache 1.1');
INSERT INTO table_entries VALUES(944,30,17,16,9,2019,1571261407613,-14400000,3,'Headache 1.6');
INSERT INTO table_entries VALUES(945,0,19,16,9,2019,1571266831376,-14400000,3,replace('Took maxalt\nTook caffeine','\n',char(10)));
INSERT INTO table_entries VALUES(946,30,20,16,9,2019,1571272216551,-14400000,3,'Headache 1.1');
INSERT INTO table_entries VALUES(947,0,8,17,9,2019,1571313611590,-14400000,3,'Headache 1');
INSERT INTO table_entries VALUES(948,0,18,17,9,2019,1571349606584,-14400000,3,'Headache 0.8');
INSERT INTO table_entries VALUES(949,0,8,18,9,2019,1571400000615,-14400000,3,'Headache 0.75');
INSERT INTO table_entries VALUES(950,0,8,19,9,2019,1571486407524,-14400000,3,'Headache 0');
INSERT INTO table_entries VALUES(951,0,8,20,9,2019,1571572816546,-14400000,3,'Headache 0');
INSERT INTO table_entries VALUES(952,32,19,20,9,2019,1571614372866,-14400000,3,'Headache 1');
INSERT INTO table_entries VALUES(953,0,21,20,9,2019,1571619619880,-14400000,3,'Headache 0.75');
INSERT INTO table_entries VALUES(954,0,8,21,9,2019,1571659227170,-14400000,3,'Headache 0.75');
INSERT INTO table_entries VALUES(955,23,18,21,9,2019,1571696634343,-14400000,3,'Headache 0');
INSERT INTO table_entries VALUES(956,4,23,21,9,2019,1571713497872,-14400000,3,'Headache 0.85');
INSERT INTO table_entries VALUES(957,0,8,22,9,2019,1571745643631,-14400000,3,'Headache 1.1');
INSERT INTO table_entries VALUES(958,20,17,22,9,2019,1571779252147,-14400000,3,replace('Headache 1.25\nTired','\n',char(10)));
INSERT INTO table_entries VALUES(959,0,20,22,9,2019,1571788815486,-14400000,3,replace('Headache 1.75\nTook maxalt','\n',char(10)));
INSERT INTO table_entries VALUES(960,0,8,23,9,2019,1571832046570,-14400000,3,'Headache 1.15');
INSERT INTO table_entries VALUES(961,0,8,24,9,2019,1571918441123,-14400000,3,'Headache 0');
INSERT INTO table_entries VALUES(962,12,13,25,9,2019,1572023540158,-14400000,3,'Headache 1.15');
INSERT INTO table_entries VALUES(963,0,8,25,9,2019,1572004837789,-14400000,3,'Headache 0');
INSERT INTO table_entries VALUES(964,0,8,26,9,2019,1572091209444,-14400000,3,'Headache 1.2');
INSERT INTO table_entries VALUES(965,0,19,26,9,2019,1572130852363,-14400000,3,'Headache 1.5');
INSERT INTO table_entries VALUES(966,0,8,27,9,2019,1572177618619,-14400000,3,'Headache 1');
INSERT INTO table_entries VALUES(967,14,13,27,9,2019,1572196488217,-14400000,3,'Headache 1');
INSERT INTO table_entries VALUES(968,0,22,27,9,2019,1572228016909,-14400000,3,'Migraine 1.25');
INSERT INTO table_entries VALUES(969,0,8,28,9,2019,1572264016624,-14400000,3,'Headache 1');
INSERT INTO table_entries VALUES(970,0,16,28,9,2019,1572292829788,-14400000,3,'Headache 0');
INSERT INTO table_entries VALUES(971,6,20,28,9,2019,1572307610764,-14400000,3,'Start drug CoQ10');
CREATE TABLE table_tags (id INTEGER PRIMARY KEY AUTOINCREMENT, name TEXT, icon INTEGER, created_at INTEGER, order_number INTEGER, state INTEGER , id_tag_group INTEGER DEFAULT 0);
INSERT INTO table_tags VALUES(14,'Wake up',70,1532520278173,78217478,0,0);
INSERT INTO table_tags VALUES(15,'work',16,1532466747128,1,0,0);
INSERT INTO table_tags VALUES(16,'Medicine',64,1532613728135,78310928,0,0);
INSERT INTO table_tags VALUES(17,'relax',9,1532466747129,2,0,0);
INSERT INTO table_tags VALUES(18,'Stretching',38,1532650847517,78348047,0,0);
INSERT INTO table_tags VALUES(19,'Go to sleep',70,1532870919595,78568119,0,0);
INSERT INTO table_tags VALUES(20,'Pain',185,1535807562988,81504762,0,0);
INSERT INTO table_tags VALUES(21,'sport',67,1532466747132,5,0,0);
INSERT INTO table_tags VALUES(22,'Headache',187,1532466820348,78164020,0,0);
INSERT INTO table_tags VALUES(23,'Food',14,1532470368130,78167568,0,0);
CREATE TABLE table_entries_with_tags (id_entry INTEGER, id_tag INTEGER);
INSERT INTO table_entries_with_tags VALUES(1,22);
INSERT INTO table_entries_with_tags VALUES(1,16);
INSERT INTO table_entries_with_tags VALUES(2,22);
INSERT INTO table_entries_with_tags VALUES(2,20);
INSERT INTO table_entries_with_tags VALUES(4,22);
INSERT INTO table_entries_with_tags VALUES(4,20);
INSERT INTO table_entries_with_tags VALUES(6,22);
INSERT INTO table_entries_with_tags VALUES(6,14);
INSERT INTO table_entries_with_tags VALUES(7,22);
INSERT INTO table_entries_with_tags VALUES(8,22);
INSERT INTO table_entries_with_tags VALUES(9,22);
INSERT INTO table_entries_with_tags VALUES(9,20);
INSERT INTO table_entries_with_tags VALUES(10,22);
INSERT INTO table_entries_with_tags VALUES(10,14);
INSERT INTO table_entries_with_tags VALUES(10,20);
INSERT INTO table_entries_with_tags VALUES(11,22);
INSERT INTO table_entries_with_tags VALUES(11,19);
INSERT INTO table_entries_with_tags VALUES(12,22);
INSERT INTO table_entries_with_tags VALUES(13,22);
INSERT INTO table_entries_with_tags VALUES(13,14);
INSERT INTO table_entries_with_tags VALUES(14,22);
INSERT INTO table_entries_with_tags VALUES(14,19);
INSERT INTO table_entries_with_tags VALUES(15,22);
INSERT INTO table_entries_with_tags VALUES(15,14);
INSERT INTO table_entries_with_tags VALUES(15,20);
INSERT INTO table_entries_with_tags VALUES(16,19);
INSERT INTO table_entries_with_tags VALUES(17,22);
INSERT INTO table_entries_with_tags VALUES(17,20);
INSERT INTO table_entries_with_tags VALUES(18,22);
INSERT INTO table_entries_with_tags VALUES(18,16);
INSERT INTO table_entries_with_tags VALUES(18,20);
INSERT INTO table_entries_with_tags VALUES(19,22);
INSERT INTO table_entries_with_tags VALUES(19,14);
INSERT INTO table_entries_with_tags VALUES(20,19);
INSERT INTO table_entries_with_tags VALUES(21,22);
INSERT INTO table_entries_with_tags VALUES(22,16);
INSERT INTO table_entries_with_tags VALUES(23,22);
INSERT INTO table_entries_with_tags VALUES(23,14);
INSERT INTO table_entries_with_tags VALUES(25,22);
INSERT INTO table_entries_with_tags VALUES(26,22);
INSERT INTO table_entries_with_tags VALUES(26,14);
INSERT INTO table_entries_with_tags VALUES(27,22);
INSERT INTO table_entries_with_tags VALUES(27,19);
INSERT INTO table_entries_with_tags VALUES(28,22);
INSERT INTO table_entries_with_tags VALUES(28,16);
INSERT INTO table_entries_with_tags VALUES(29,22);
INSERT INTO table_entries_with_tags VALUES(29,14);
INSERT INTO table_entries_with_tags VALUES(30,19);
INSERT INTO table_entries_with_tags VALUES(31,22);
INSERT INTO table_entries_with_tags VALUES(31,16);
INSERT INTO table_entries_with_tags VALUES(32,22);
INSERT INTO table_entries_with_tags VALUES(32,14);
INSERT INTO table_entries_with_tags VALUES(33,19);
INSERT INTO table_entries_with_tags VALUES(34,22);
INSERT INTO table_entries_with_tags VALUES(35,22);
INSERT INTO table_entries_with_tags VALUES(36,22);
INSERT INTO table_entries_with_tags VALUES(36,14);
INSERT INTO table_entries_with_tags VALUES(37,19);
INSERT INTO table_entries_with_tags VALUES(38,22);
INSERT INTO table_entries_with_tags VALUES(39,22);
INSERT INTO table_entries_with_tags VALUES(39,16);
INSERT INTO table_entries_with_tags VALUES(40,22);
INSERT INTO table_entries_with_tags VALUES(40,14);
INSERT INTO table_entries_with_tags VALUES(41,22);
INSERT INTO table_entries_with_tags VALUES(41,14);
INSERT INTO table_entries_with_tags VALUES(42,19);
INSERT INTO table_entries_with_tags VALUES(43,19);
INSERT INTO table_entries_with_tags VALUES(44,22);
INSERT INTO table_entries_with_tags VALUES(44,14);
INSERT INTO table_entries_with_tags VALUES(45,19);
INSERT INTO table_entries_with_tags VALUES(46,22);
INSERT INTO table_entries_with_tags VALUES(47,22);
INSERT INTO table_entries_with_tags VALUES(47,16);
INSERT INTO table_entries_with_tags VALUES(48,22);
INSERT INTO table_entries_with_tags VALUES(48,14);
INSERT INTO table_entries_with_tags VALUES(50,22);
INSERT INTO table_entries_with_tags VALUES(51,22);
INSERT INTO table_entries_with_tags VALUES(51,14);
INSERT INTO table_entries_with_tags VALUES(52,22);
INSERT INTO table_entries_with_tags VALUES(53,22);
INSERT INTO table_entries_with_tags VALUES(54,22);
INSERT INTO table_entries_with_tags VALUES(54,14);
INSERT INTO table_entries_with_tags VALUES(55,22);
INSERT INTO table_entries_with_tags VALUES(55,19);
INSERT INTO table_entries_with_tags VALUES(56,22);
INSERT INTO table_entries_with_tags VALUES(56,14);
INSERT INTO table_entries_with_tags VALUES(57,19);
INSERT INTO table_entries_with_tags VALUES(58,22);
INSERT INTO table_entries_with_tags VALUES(59,22);
INSERT INTO table_entries_with_tags VALUES(60,22);
INSERT INTO table_entries_with_tags VALUES(61,22);
INSERT INTO table_entries_with_tags VALUES(62,22);
INSERT INTO table_entries_with_tags VALUES(65,22);
INSERT INTO table_entries_with_tags VALUES(65,14);
INSERT INTO table_entries_with_tags VALUES(66,22);
INSERT INTO table_entries_with_tags VALUES(66,19);
INSERT INTO table_entries_with_tags VALUES(67,21);
INSERT INTO table_entries_with_tags VALUES(67,22);
INSERT INTO table_entries_with_tags VALUES(68,22);
INSERT INTO table_entries_with_tags VALUES(68,14);
INSERT INTO table_entries_with_tags VALUES(69,22);
INSERT INTO table_entries_with_tags VALUES(69,16);
INSERT INTO table_entries_with_tags VALUES(70,22);
INSERT INTO table_entries_with_tags VALUES(71,22);
INSERT INTO table_entries_with_tags VALUES(72,22);
INSERT INTO table_entries_with_tags VALUES(73,22);
INSERT INTO table_entries_with_tags VALUES(74,22);
INSERT INTO table_entries_with_tags VALUES(75,22);
INSERT INTO table_entries_with_tags VALUES(76,22);
INSERT INTO table_entries_with_tags VALUES(76,14);
INSERT INTO table_entries_with_tags VALUES(77,22);
INSERT INTO table_entries_with_tags VALUES(77,19);
INSERT INTO table_entries_with_tags VALUES(78,22);
INSERT INTO table_entries_with_tags VALUES(79,22);
INSERT INTO table_entries_with_tags VALUES(80,22);
INSERT INTO table_entries_with_tags VALUES(80,14);
INSERT INTO table_entries_with_tags VALUES(81,22);
INSERT INTO table_entries_with_tags VALUES(82,22);
INSERT INTO table_entries_with_tags VALUES(82,14);
INSERT INTO table_entries_with_tags VALUES(83,22);
INSERT INTO table_entries_with_tags VALUES(83,14);
INSERT INTO table_entries_with_tags VALUES(84,22);
INSERT INTO table_entries_with_tags VALUES(84,14);
INSERT INTO table_entries_with_tags VALUES(85,22);
INSERT INTO table_entries_with_tags VALUES(85,14);
INSERT INTO table_entries_with_tags VALUES(86,22);
INSERT INTO table_entries_with_tags VALUES(86,14);
INSERT INTO table_entries_with_tags VALUES(87,22);
INSERT INTO table_entries_with_tags VALUES(87,14);
INSERT INTO table_entries_with_tags VALUES(88,22);
INSERT INTO table_entries_with_tags VALUES(89,22);
INSERT INTO table_entries_with_tags VALUES(89,14);
INSERT INTO table_entries_with_tags VALUES(90,22);
INSERT INTO table_entries_with_tags VALUES(91,22);
INSERT INTO table_entries_with_tags VALUES(91,16);
INSERT INTO table_entries_with_tags VALUES(92,22);
INSERT INTO table_entries_with_tags VALUES(92,14);
INSERT INTO table_entries_with_tags VALUES(93,22);
INSERT INTO table_entries_with_tags VALUES(94,22);
INSERT INTO table_entries_with_tags VALUES(95,22);
INSERT INTO table_entries_with_tags VALUES(95,14);
INSERT INTO table_entries_with_tags VALUES(96,22);
INSERT INTO table_entries_with_tags VALUES(97,22);
INSERT INTO table_entries_with_tags VALUES(97,16);
INSERT INTO table_entries_with_tags VALUES(98,22);
INSERT INTO table_entries_with_tags VALUES(98,14);
INSERT INTO table_entries_with_tags VALUES(99,22);
INSERT INTO table_entries_with_tags VALUES(100,22);
INSERT INTO table_entries_with_tags VALUES(100,14);
INSERT INTO table_entries_with_tags VALUES(101,22);
INSERT INTO table_entries_with_tags VALUES(101,14);
INSERT INTO table_entries_with_tags VALUES(102,22);
INSERT INTO table_entries_with_tags VALUES(102,19);
INSERT INTO table_entries_with_tags VALUES(103,22);
INSERT INTO table_entries_with_tags VALUES(104,22);
INSERT INTO table_entries_with_tags VALUES(105,22);
INSERT INTO table_entries_with_tags VALUES(105,14);
INSERT INTO table_entries_with_tags VALUES(106,22);
INSERT INTO table_entries_with_tags VALUES(107,22);
INSERT INTO table_entries_with_tags VALUES(107,14);
INSERT INTO table_entries_with_tags VALUES(108,22);
INSERT INTO table_entries_with_tags VALUES(109,22);
INSERT INTO table_entries_with_tags VALUES(110,22);
INSERT INTO table_entries_with_tags VALUES(110,14);
INSERT INTO table_entries_with_tags VALUES(111,23);
INSERT INTO table_entries_with_tags VALUES(112,22);
INSERT INTO table_entries_with_tags VALUES(112,14);
INSERT INTO table_entries_with_tags VALUES(113,22);
INSERT INTO table_entries_with_tags VALUES(113,14);
INSERT INTO table_entries_with_tags VALUES(114,22);
INSERT INTO table_entries_with_tags VALUES(114,14);
INSERT INTO table_entries_with_tags VALUES(115,22);
INSERT INTO table_entries_with_tags VALUES(116,22);
INSERT INTO table_entries_with_tags VALUES(117,22);
INSERT INTO table_entries_with_tags VALUES(117,16);
INSERT INTO table_entries_with_tags VALUES(118,22);
INSERT INTO table_entries_with_tags VALUES(118,14);
INSERT INTO table_entries_with_tags VALUES(119,22);
INSERT INTO table_entries_with_tags VALUES(120,22);
INSERT INTO table_entries_with_tags VALUES(121,22);
INSERT INTO table_entries_with_tags VALUES(122,22);
INSERT INTO table_entries_with_tags VALUES(123,22);
INSERT INTO table_entries_with_tags VALUES(123,16);
INSERT INTO table_entries_with_tags VALUES(125,22);
INSERT INTO table_entries_with_tags VALUES(125,14);
INSERT INTO table_entries_with_tags VALUES(126,22);
INSERT INTO table_entries_with_tags VALUES(127,22);
INSERT INTO table_entries_with_tags VALUES(128,22);
INSERT INTO table_entries_with_tags VALUES(128,16);
INSERT INTO table_entries_with_tags VALUES(129,22);
INSERT INTO table_entries_with_tags VALUES(129,16);
INSERT INTO table_entries_with_tags VALUES(130,22);
INSERT INTO table_entries_with_tags VALUES(130,14);
INSERT INTO table_entries_with_tags VALUES(131,22);
INSERT INTO table_entries_with_tags VALUES(131,18);
INSERT INTO table_entries_with_tags VALUES(132,22);
INSERT INTO table_entries_with_tags VALUES(133,22);
INSERT INTO table_entries_with_tags VALUES(133,16);
INSERT INTO table_entries_with_tags VALUES(133,18);
INSERT INTO table_entries_with_tags VALUES(134,18);
INSERT INTO table_entries_with_tags VALUES(134,20);
INSERT INTO table_entries_with_tags VALUES(135,22);
INSERT INTO table_entries_with_tags VALUES(135,14);
INSERT INTO table_entries_with_tags VALUES(135,20);
INSERT INTO table_entries_with_tags VALUES(136,19);
INSERT INTO table_entries_with_tags VALUES(137,22);
INSERT INTO table_entries_with_tags VALUES(138,16);
INSERT INTO table_entries_with_tags VALUES(139,21);
INSERT INTO table_entries_with_tags VALUES(139,22);
INSERT INTO table_entries_with_tags VALUES(140,22);
INSERT INTO table_entries_with_tags VALUES(140,14);
INSERT INTO table_entries_with_tags VALUES(141,22);
INSERT INTO table_entries_with_tags VALUES(141,14);
INSERT INTO table_entries_with_tags VALUES(142,22);
INSERT INTO table_entries_with_tags VALUES(142,19);
INSERT INTO table_entries_with_tags VALUES(143,22);
INSERT INTO table_entries_with_tags VALUES(143,14);
INSERT INTO table_entries_with_tags VALUES(144,22);
INSERT INTO table_entries_with_tags VALUES(145,22);
INSERT INTO table_entries_with_tags VALUES(146,22);
INSERT INTO table_entries_with_tags VALUES(147,22);
INSERT INTO table_entries_with_tags VALUES(149,14);
INSERT INTO table_entries_with_tags VALUES(150,22);
INSERT INTO table_entries_with_tags VALUES(150,19);
INSERT INTO table_entries_with_tags VALUES(151,14);
INSERT INTO table_entries_with_tags VALUES(152,19);
INSERT INTO table_entries_with_tags VALUES(154,22);
INSERT INTO table_entries_with_tags VALUES(154,16);
INSERT INTO table_entries_with_tags VALUES(155,14);
INSERT INTO table_entries_with_tags VALUES(156,19);
INSERT INTO table_entries_with_tags VALUES(158,14);
INSERT INTO table_entries_with_tags VALUES(159,19);
INSERT INTO table_entries_with_tags VALUES(160,14);
INSERT INTO table_entries_with_tags VALUES(161,22);
INSERT INTO table_entries_with_tags VALUES(163,22);
INSERT INTO table_entries_with_tags VALUES(163,14);
INSERT INTO table_entries_with_tags VALUES(165,22);
INSERT INTO table_entries_with_tags VALUES(165,14);
INSERT INTO table_entries_with_tags VALUES(166,22);
INSERT INTO table_entries_with_tags VALUES(166,14);
INSERT INTO table_entries_with_tags VALUES(167,22);
INSERT INTO table_entries_with_tags VALUES(167,16);
INSERT INTO table_entries_with_tags VALUES(167,19);
INSERT INTO table_entries_with_tags VALUES(168,22);
INSERT INTO table_entries_with_tags VALUES(169,22);
INSERT INTO table_entries_with_tags VALUES(170,22);
INSERT INTO table_entries_with_tags VALUES(171,22);
INSERT INTO table_entries_with_tags VALUES(171,14);
INSERT INTO table_entries_with_tags VALUES(172,22);
INSERT INTO table_entries_with_tags VALUES(173,22);
INSERT INTO table_entries_with_tags VALUES(173,16);
INSERT INTO table_entries_with_tags VALUES(174,22);
INSERT INTO table_entries_with_tags VALUES(174,14);
INSERT INTO table_entries_with_tags VALUES(175,22);
INSERT INTO table_entries_with_tags VALUES(175,14);
INSERT INTO table_entries_with_tags VALUES(176,22);
INSERT INTO table_entries_with_tags VALUES(177,22);
INSERT INTO table_entries_with_tags VALUES(178,22);
INSERT INTO table_entries_with_tags VALUES(178,23);
INSERT INTO table_entries_with_tags VALUES(178,14);
INSERT INTO table_entries_with_tags VALUES(178,16);
INSERT INTO table_entries_with_tags VALUES(179,22);
INSERT INTO table_entries_with_tags VALUES(179,14);
INSERT INTO table_entries_with_tags VALUES(179,19);
INSERT INTO table_entries_with_tags VALUES(180,22);
INSERT INTO table_entries_with_tags VALUES(180,23);
INSERT INTO table_entries_with_tags VALUES(180,19);
INSERT INTO table_entries_with_tags VALUES(181,22);
INSERT INTO table_entries_with_tags VALUES(181,23);
INSERT INTO table_entries_with_tags VALUES(182,22);
INSERT INTO table_entries_with_tags VALUES(182,23);
INSERT INTO table_entries_with_tags VALUES(183,22);
INSERT INTO table_entries_with_tags VALUES(183,23);
INSERT INTO table_entries_with_tags VALUES(184,22);
INSERT INTO table_entries_with_tags VALUES(184,14);
INSERT INTO table_entries_with_tags VALUES(185,22);
INSERT INTO table_entries_with_tags VALUES(186,22);
INSERT INTO table_entries_with_tags VALUES(187,22);
INSERT INTO table_entries_with_tags VALUES(187,23);
INSERT INTO table_entries_with_tags VALUES(187,14);
INSERT INTO table_entries_with_tags VALUES(187,16);
INSERT INTO table_entries_with_tags VALUES(188,22);
INSERT INTO table_entries_with_tags VALUES(188,23);
INSERT INTO table_entries_with_tags VALUES(189,21);
INSERT INTO table_entries_with_tags VALUES(189,22);
INSERT INTO table_entries_with_tags VALUES(191,14);
INSERT INTO table_entries_with_tags VALUES(192,17);
INSERT INTO table_entries_with_tags VALUES(192,22);
INSERT INTO table_entries_with_tags VALUES(193,22);
INSERT INTO table_entries_with_tags VALUES(193,18);
INSERT INTO table_entries_with_tags VALUES(194,23);
INSERT INTO table_entries_with_tags VALUES(195,22);
INSERT INTO table_entries_with_tags VALUES(195,16);
INSERT INTO table_entries_with_tags VALUES(196,14);
INSERT INTO table_entries_with_tags VALUES(197,17);
INSERT INTO table_entries_with_tags VALUES(198,15);
INSERT INTO table_entries_with_tags VALUES(198,22);
INSERT INTO table_entries_with_tags VALUES(198,23);
INSERT INTO table_entries_with_tags VALUES(199,22);
INSERT INTO table_entries_with_tags VALUES(199,14);
INSERT INTO table_entries_with_tags VALUES(201,22);
INSERT INTO table_entries_with_tags VALUES(202,22);
INSERT INTO table_entries_with_tags VALUES(203,23);
INSERT INTO table_entries_with_tags VALUES(204,17);
INSERT INTO table_entries_with_tags VALUES(204,22);
INSERT INTO table_entries_with_tags VALUES(205,22);
INSERT INTO table_entries_with_tags VALUES(206,22);
INSERT INTO table_entries_with_tags VALUES(207,22);
INSERT INTO table_entries_with_tags VALUES(207,20);
INSERT INTO table_entries_with_tags VALUES(3,22);
INSERT INTO table_entries_with_tags VALUES(3,20);
INSERT INTO table_entries_with_tags VALUES(209,22);
INSERT INTO table_entries_with_tags VALUES(209,14);
INSERT INTO table_entries_with_tags VALUES(208,22);
INSERT INTO table_entries_with_tags VALUES(210,22);
INSERT INTO table_entries_with_tags VALUES(210,16);
INSERT INTO table_entries_with_tags VALUES(211,22);
INSERT INTO table_entries_with_tags VALUES(212,22);
INSERT INTO table_entries_with_tags VALUES(212,20);
INSERT INTO table_entries_with_tags VALUES(213,20);
INSERT INTO table_entries_with_tags VALUES(217,22);
INSERT INTO table_entries_with_tags VALUES(217,16);
INSERT INTO table_entries_with_tags VALUES(218,22);
INSERT INTO table_entries_with_tags VALUES(219,22);
INSERT INTO table_entries_with_tags VALUES(220,22);
INSERT INTO table_entries_with_tags VALUES(220,16);
INSERT INTO table_entries_with_tags VALUES(221,22);
INSERT INTO table_entries_with_tags VALUES(223,16);
INSERT INTO table_entries_with_tags VALUES(226,22);
INSERT INTO table_entries_with_tags VALUES(226,14);
INSERT INTO table_entries_with_tags VALUES(227,20);
INSERT INTO table_entries_with_tags VALUES(229,16);
INSERT INTO table_entries_with_tags VALUES(230,20);
INSERT INTO table_entries_with_tags VALUES(233,22);
INSERT INTO table_entries_with_tags VALUES(235,22);
INSERT INTO table_entries_with_tags VALUES(225,19);
INSERT INTO table_entries_with_tags VALUES(124,22);
INSERT INTO table_entries_with_tags VALUES(124,16);
INSERT INTO table_entries_with_tags VALUES(732,19);
INSERT INTO table_entries_with_tags VALUES(5,22);
INSERT INTO table_entries_with_tags VALUES(5,14);
CREATE TABLE table_moods (id INTEGER PRIMARY KEY AUTOINCREMENT, name TEXT, icon INTEGER, mood_group INTEGER, order_number INTEGER, predefined_name_id INTEGER, is_active INTEGER DEFAULT 1, created_at INTEGER DEFAULT 0);
INSERT INTO table_moods VALUES(1,'',1,1,0,1,1,0);
INSERT INTO table_moods VALUES(2,'',2,2,0,2,1,0);
INSERT INTO table_moods VALUES(3,'',3,3,0,3,1,0);
INSERT INTO table_moods VALUES(4,'',4,4,0,4,1,0);
INSERT INTO table_moods VALUES(5,'',5,5,0,5,1,0);
CREATE TABLE table_goals (id INTEGER PRIMARY KEY AUTOINCREMENT, goal_id INTEGER, note TEXT, created_at INTEGER, reminder_minute INTEGER, reminder_hour INTEGER, reminder_enabled INTEGER, state INTEGER, repeat_type INTEGER, repeat_value INTEGER, id_tag INTEGER, order_number INTEGER DEFAULT 0, end_date INTEGER DEFAULT -1);
CREATE TABLE table_tag_groups (id INTEGER PRIMARY KEY AUTOINCREMENT, name TEXT, is_expanded INTEGER, order_number INTEGER);
DELETE FROM sqlite_sequence;
INSERT INTO sqlite_sequence VALUES('table_moods',6);
INSERT INTO sqlite_sequence VALUES('table_tags',23);
INSERT INTO sqlite_sequence VALUES('table_entries',971);
CREATE INDEX id_entry_index ON table_entries_with_tags(id_entry);
CREATE INDEX id_tag_index ON table_entries_with_tags(id_tag);
COMMIT;
