PRAGMA foreign_keys=OFF;
BEGIN TRANSACTION;
CREATE TABLE android_metadata (locale TEXT);
INSERT INTO android_metadata VALUES('en_US');
CREATE TABLE table_entries (id INTEGER PRIMARY KEY AUTOINCREMENT, minute INTEGER, hour INTEGER, day INTEGER, month INTEGER, year INTEGER, date_time INTEGER, time_zone_offset INTEGER, mood INTEGER, note TEXT);
INSERT INTO table_entries VALUES(1,0,8,11,0,2020,1578747602295,-18000000,3,'Headache 0.85');
INSERT INTO table_entries VALUES(2,30,15,10,0,2020,1578688220391,-18000000,3,replace('Headache 1.5\nTook maxalt\nTook Tylenol','\n',char(10)));
INSERT INTO table_entries VALUES(3,0,8,10,0,2020,1578661215405,-18000000,3,'Headache 0.85');
INSERT INTO table_entries VALUES(4,30,17,9,0,2020,1578609046852,-18000000,3,replace('Headache 1\nMigraine 0\nTook aimovig 140','\n',char(10)));
INSERT INTO table_entries VALUES(5,0,12,9,0,2020,1578589254302,-18000000,3,replace('Headache 1.25\nTook maxalt\nTook Tylenol','\n',char(10)));
INSERT INTO table_entries VALUES(6,0,8,9,0,2020,1578574801358,-18000000,3,'Headache 1.1');
INSERT INTO table_entries VALUES(7,0,16,8,0,2020,1578517216144,-18000000,3,replace('Headache 1.15\nMigraine 0','\n',char(10)));
INSERT INTO table_entries VALUES(8,13,12,8,0,2020,1578503633090,-18000000,3,replace('Headache 1.25\nMigraine 1.5\nTook maxalt\nTook Tylenol','\n',char(10)));
INSERT INTO table_entries VALUES(9,0,8,8,0,2020,1578488450787,-18000000,3,'Headache 1.1');
INSERT INTO table_entries VALUES(10,0,8,7,0,2020,1578402043886,-18000000,3,'Headache 0');
INSERT INTO table_entries VALUES(11,0,8,6,0,2020,1578315655256,-18000000,3,'Headache 0.75');
INSERT INTO table_entries VALUES(12,0,8,5,0,2020,1578229214313,-18000000,3,'Headache 1');
INSERT INTO table_entries VALUES(13,0,10,4,0,2020,1578150025170,-18000000,3,'Headache 1');
INSERT INTO table_entries VALUES(14,29,6,4,0,2020,1578137360504,-18000000,3,replace('Headache 1.75\nMigraine 1.25\nTook maxalt\nTook Tylenol','\n',char(10)));
INSERT INTO table_entries VALUES(15,0,8,3,0,2020,1578056439742,-18000000,3,'Headache 1.25');
INSERT INTO table_entries VALUES(16,20,22,2,0,2020,1578021602633,-18000000,3,'Headache 1.25');
INSERT INTO table_entries VALUES(17,45,13,1,0,2020,1577904303554,-18000000,3,replace('Headache 2\nMigraine 2','\n',char(10)));
INSERT INTO table_entries VALUES(18,44,11,1,0,2020,1577897084856,-18000000,3,replace('Headache 1.5\nMigraine 1.5','\n',char(10)));
INSERT INTO table_entries VALUES(19,0,8,1,0,2020,1577883624588,-18000000,3,'Headache 0.8');
INSERT INTO table_entries VALUES(20,0,19,31,11,2019,1577836802361,-18000000,3,'Headache 1.25');
INSERT INTO table_entries VALUES(21,14,7,31,11,2019,1577794495835,-18000000,3,replace('Headache 1\nMigraine 0','\n',char(10)));
INSERT INTO table_entries VALUES(22,0,19,30,11,2019,1577750403101,-18000000,3,replace('Headache 2\nMigraine 2\nTook Sumatran injection','\n',char(10)));
INSERT INTO table_entries VALUES(23,0,8,30,11,2019,1577710843593,-18000000,3,'Headache 1');
INSERT INTO table_entries VALUES(24,20,17,29,11,2019,1577658002283,-18000000,3,replace('Took maxalt\nTook Tylenol','\n',char(10)));
INSERT INTO table_entries VALUES(25,43,12,29,11,2019,1577641404069,-18000000,3,replace('Headache 1.45\nMigraine 1.45\nTook Sumatran nasal spray','\n',char(10)));
INSERT INTO table_entries VALUES(26,0,8,29,11,2019,1577624426150,-18000000,3,'Headache 1.15');
INSERT INTO table_entries VALUES(27,0,18,28,11,2019,1577574041193,-18000000,3,replace('Headache 1.5\nTook maxalt\nTook Tylenol','\n',char(10)));
INSERT INTO table_entries VALUES(28,0,9,28,11,2019,1577541610352,-18000000,3,'Headache 1.15');
INSERT INTO table_entries VALUES(29,0,8,28,11,2019,1577538011277,-18000000,3,'Headache 0');
INSERT INTO table_entries VALUES(30,0,8,27,11,2019,1577451650054,-18000000,3,'Headache 0.8');
INSERT INTO table_entries VALUES(31,28,11,26,11,2019,1577377718743,-18000000,3,replace('Took maxalt\nTook Tylenol','\n',char(10)));
INSERT INTO table_entries VALUES(32,0,8,26,11,2019,1577365220319,-18000000,3,replace('Headache 1.35\nMigraine 1.35','\n',char(10)));
INSERT INTO table_entries VALUES(33,0,18,25,11,2019,1577314807130,-18000000,3,'Headache 1.15');
INSERT INTO table_entries VALUES(34,30,12,25,11,2019,1577295059222,-18000000,3,replace('Headache 1.35\nMigraine 1\nTook maxalt\nTook Tylenol','\n',char(10)));
INSERT INTO table_entries VALUES(35,0,8,25,11,2019,1577278841681,-18000000,3,'Headache 0');
INSERT INTO table_entries VALUES(36,0,8,24,11,2019,1577192433402,-18000000,3,'Headache 1');
INSERT INTO table_entries VALUES(37,0,8,23,11,2019,1577106056133,-18000000,3,'Headache 1');
INSERT INTO table_entries VALUES(38,0,8,22,11,2019,1577019614310,-18000000,3,'Headache 1.1');
INSERT INTO table_entries VALUES(39,6,18,21,11,2019,1576969567086,-18000000,3,replace('Headache 1.25\nTook maxalt','\n',char(10)));
INSERT INTO table_entries VALUES(40,0,8,21,11,2019,1576933252935,-18000000,3,'Headache 1');
INSERT INTO table_entries VALUES(41,0,18,20,11,2019,1576882808423,-18000000,3,'Headache 1');
INSERT INTO table_entries VALUES(42,21,13,20,11,2019,1576866115303,-18000000,3,replace('Headache 1.5\nTook Advil\nTook maxalt','\n',char(10)));
INSERT INTO table_entries VALUES(43,0,8,20,11,2019,1576846819928,-18000000,3,'Headache 1.25');
INSERT INTO table_entries VALUES(44,0,16,19,11,2019,1576789237868,-18000000,3,'Headache 0.75');
INSERT INTO table_entries VALUES(45,0,8,19,11,2019,1576760443812,-18000000,3,'Headache 1.25');
INSERT INTO table_entries VALUES(46,0,8,18,11,2019,1576674018925,-18000000,3,'Headache 1.1');
INSERT INTO table_entries VALUES(47,0,8,17,11,2019,1576587657280,-18000000,3,replace('Headache 1.1\nTook maxalt\nTook Advil','\n',char(10)));
INSERT INTO table_entries VALUES(48,30,13,16,11,2019,1576521020707,-18000000,3,replace('Headache 1.5\nTook maxalt\nTook advil','\n',char(10)));
INSERT INTO table_entries VALUES(49,0,13,16,11,2019,1576519202546,-18000000,3,'Headache 1');
INSERT INTO table_entries VALUES(50,0,12,16,11,2019,1576515651831,-18000000,3,'Headache 1');
INSERT INTO table_entries VALUES(51,0,8,16,11,2019,1576501239286,-18000000,3,'Headache 0');
INSERT INTO table_entries VALUES(52,53,20,15,11,2019,1576461232040,-18000000,3,'Headache 1');
INSERT INTO table_entries VALUES(53,0,8,15,11,2019,1576414822655,-18000000,3,'Headache 0');
INSERT INTO table_entries VALUES(54,8,18,14,11,2019,1576375712743,-28800000,3,'Headache 1');
INSERT INTO table_entries VALUES(55,5,14,14,11,2019,1576361158535,-28800000,3,replace('Headache 1.25\nMigraine 1.25\nTook Aleve\nTook maxalt','\n',char(10)));
INSERT INTO table_entries VALUES(56,0,5,14,11,2019,1576328419697,-28800000,3,'Headache 0.9');
INSERT INTO table_entries VALUES(57,0,8,13,11,2019,1576252806805,-28800000,3,'Headache 0.8');
INSERT INTO table_entries VALUES(58,0,5,12,11,2019,1576155642533,-28800000,3,'Headache 0');
INSERT INTO table_entries VALUES(59,0,8,11,11,2019,1576069250988,-18000000,3,'Headache 0');
INSERT INTO table_entries VALUES(60,22,18,10,11,2019,1576020164356,-18000000,3,'Headache 1.1');
INSERT INTO table_entries VALUES(61,0,16,10,11,2019,1576011607046,-18000000,3,replace('Took maxalt\nTook Advil','\n',char(10)));
INSERT INTO table_entries VALUES(62,0,15,10,11,2019,1576008042982,-18000000,3,'Headache 1.2');
INSERT INTO table_entries VALUES(63,0,8,10,11,2019,1575982822356,-18000000,3,'Headache 0.75');
INSERT INTO table_entries VALUES(64,0,18,9,11,2019,1575932452450,-18000000,3,'Headache 0.8');
INSERT INTO table_entries VALUES(65,20,13,9,11,2019,1575915636523,-18000000,3,replace('Took maxalt\nTook Advil','\n',char(10)));
INSERT INTO table_entries VALUES(66,0,12,9,11,2019,1575910821458,-18000000,3,'Headache 1.25');
INSERT INTO table_entries VALUES(67,0,8,9,11,2019,1575896407998,-18000000,3,'Headache 0');
INSERT INTO table_entries VALUES(68,11,16,8,11,2019,1575839519411,-18000000,3,'Took aimovig 140 mg');
INSERT INTO table_entries VALUES(69,0,12,8,11,2019,1575824446249,-18000000,3,'Headache 1.1');
INSERT INTO table_entries VALUES(70,0,8,8,11,2019,1575810020380,-18000000,3,'Headache 0.9');
INSERT INTO table_entries VALUES(71,40,21,7,11,2019,1575772846816,-18000000,3,replace('Headache 1.25\nTook maxalt\nTook Tylenol','\n',char(10)));
INSERT INTO table_entries VALUES(72,45,19,7,11,2019,1575765918430,-18000000,3,'Headache 1.15');
INSERT INTO table_entries VALUES(73,0,8,7,11,2019,1575723641060,-18000000,3,'Headache 0');
INSERT INTO table_entries VALUES(74,30,6,7,11,2019,1575718212062,-18000000,3,replace('Headache 1.25\nTook maxalt\nTook Tylenol','\n',char(10)));
INSERT INTO table_entries VALUES(75,0,8,6,11,2019,1575637254012,-18000000,3,replace('Headache 1.15\nTook maxalt\nTook Tylenol','\n',char(10)));
INSERT INTO table_entries VALUES(76,0,12,5,11,2019,1575565231939,-18000000,3,'Headache 0.8');
INSERT INTO table_entries VALUES(77,50,9,5,11,2019,1575557421317,-18000000,3,replace('Headache 1.2\nMigraine 1.2\nTook maxalt\nTook Advil','\n',char(10)));
INSERT INTO table_entries VALUES(78,0,8,5,11,2019,1575550812237,-18000000,3,'Headache 0');
INSERT INTO table_entries VALUES(79,0,8,4,11,2019,1575464400550,-18000000,3,'Headache 0');
INSERT INTO table_entries VALUES(80,0,8,3,11,2019,1575378008171,-18000000,3,'Headache 0');
INSERT INTO table_entries VALUES(81,45,19,2,11,2019,1575333902872,-18000000,3,'Headache 0.85');
INSERT INTO table_entries VALUES(82,0,16,2,11,2019,1575320431845,-18000000,3,replace('Headache 1.65\nTook maxalt\nTook Tylenol\nTook aspirin','\n',char(10)));
INSERT INTO table_entries VALUES(83,0,14,2,11,2019,1575313201164,-18000000,3,'Headache 1.25');
INSERT INTO table_entries VALUES(84,0,8,2,11,2019,1575291644296,-18000000,3,'Headache 0');
INSERT INTO table_entries VALUES(85,0,8,1,11,2019,1575205224388,-18000000,3,'Headache 0.7');
INSERT INTO table_entries VALUES(86,0,22,30,10,2019,1575169250033,-18000000,3,replace('Headache 1.5\nMigraine 1.5\nTook maxalt\nTook Tylenol','\n',char(10)));
INSERT INTO table_entries VALUES(87,0,8,30,10,2019,1575118822589,-18000000,3,'Headache 0');
INSERT INTO table_entries VALUES(88,0,8,29,10,2019,1575032415675,-18000000,3,'Headache 0');
INSERT INTO table_entries VALUES(89,0,8,28,10,2019,1574946044472,-18000000,3,'Headache 0');
INSERT INTO table_entries VALUES(90,30,20,27,10,2019,1574904635121,-18000000,3,'Took aimovig 70mg');
INSERT INTO table_entries VALUES(91,0,18,27,10,2019,1574895618018,-18000000,3,replace('Headache 0\nMigraine 0','\n',char(10)));
INSERT INTO table_entries VALUES(92,36,11,27,10,2019,1574872619718,-18000000,3,replace('Took maxalt\nTook Tylenol','\n',char(10)));
INSERT INTO table_entries VALUES(93,0,8,27,10,2019,1574859625536,-18000000,3,replace('Headache 1.75\nMigraine 1.75','\n',char(10)));
INSERT INTO table_entries VALUES(94,0,13,26,10,2019,1574791202852,-18000000,3,'Headache 0.75');
INSERT INTO table_entries VALUES(95,0,12,26,10,2019,1574787640313,-18000000,3,replace('Took maxalt\nTook Tylenol','\n',char(10)));
INSERT INTO table_entries VALUES(96,0,10,26,10,2019,1574780424230,-18000000,3,'Headache 1.65');
INSERT INTO table_entries VALUES(97,0,8,26,10,2019,1574773212146,-18000000,3,'Headache 0');
INSERT INTO table_entries VALUES(98,0,21,25,10,2019,1574733635416,-18000000,3,'Headache 0.75');
INSERT INTO table_entries VALUES(99,7,18,25,10,2019,1574723275769,-18000000,3,replace('Took maxalt\nTook Tylenol','\n',char(10)));
INSERT INTO table_entries VALUES(100,30,16,25,10,2019,1574717431757,-18000000,3,replace('Headache 1.75\nMigraine 1.75','\n',char(10)));
INSERT INTO table_entries VALUES(101,0,14,25,10,2019,1574708459924,-18000000,3,replace('Headache 1.25\nMigraine 1.25','\n',char(10)));
INSERT INTO table_entries VALUES(102,0,8,25,10,2019,1574686824223,-18000000,3,'Headache 0.75');
INSERT INTO table_entries VALUES(103,0,18,24,10,2019,1574636416058,-18000000,3,replace('Migraine 1.5\nHeadache 1.5','\n',char(10)));
INSERT INTO table_entries VALUES(104,0,8,24,10,2019,1574600457381,-18000000,3,'Headache 0');
INSERT INTO table_entries VALUES(105,0,21,23,10,2019,1574560840858,-18000000,3,replace('Headache 1.65\nMigraine 1.65\nTook maxalt\nTook Tylenol','\n',char(10)));
INSERT INTO table_entries VALUES(106,0,18,23,10,2019,1574550053904,-18000000,3,'Headache 1.35');
INSERT INTO table_entries VALUES(107,0,8,23,10,2019,1574514038287,-18000000,3,'Headache 0');
INSERT INTO table_entries VALUES(108,30,23,22,10,2019,1574483416293,-18000000,3,replace('Headache 1.25\nTook maxalt','\n',char(10)));
INSERT INTO table_entries VALUES(109,0,8,22,10,2019,1574427635496,-18000000,3,'Headache 0');
INSERT INTO table_entries VALUES(110,0,18,21,10,2019,1574377225029,-18000000,3,'Headache 0.8');
INSERT INTO table_entries VALUES(111,0,8,21,10,2019,1574341208438,-18000000,3,'Headache 1.15');
INSERT INTO table_entries VALUES(112,0,8,20,10,2019,1574254803598,-18000000,3,replace('Headache 1.15\nTook maxalt','\n',char(10)));
INSERT INTO table_entries VALUES(113,2,18,19,10,2019,1574204568562,-18000000,3,'Headache 0.8');
INSERT INTO table_entries VALUES(114,0,8,19,10,2019,1574168436914,-18000000,3,replace('Headache 1.15\nTook maxalt','\n',char(10)));
INSERT INTO table_entries VALUES(115,0,14,18,10,2019,1574103615923,-18000000,3,replace('Headache 1.5\nTook maxalt\nTook Tylenol','\n',char(10)));
INSERT INTO table_entries VALUES(116,0,8,18,10,2019,1574082011339,-18000000,3,'Headache 1.1');
INSERT INTO table_entries VALUES(117,10,19,17,10,2019,1574035848049,-18000000,3,replace('Headache 1.6\nTook maxalt\nTook Tylenol','\n',char(10)));
INSERT INTO table_entries VALUES(118,0,15,17,10,2019,1574020850396,-18000000,3,'Headache 1.25');
INSERT INTO table_entries VALUES(119,0,8,17,10,2019,1573995629187,-18000000,3,'Headache 1');
INSERT INTO table_entries VALUES(120,0,8,16,10,2019,1573909254320,-18000000,3,'Headache 0');
INSERT INTO table_entries VALUES(121,0,10,15,10,2019,1573830005984,-18000000,3,'Took aimovig 140 mg (fail)');
INSERT INTO table_entries VALUES(122,0,8,15,10,2019,1573822821774,-18000000,3,'Headache 1');
INSERT INTO table_entries VALUES(123,0,19,14,10,2019,1573776009331,-18000000,3,'Headache 0.8');
INSERT INTO table_entries VALUES(124,0,8,14,10,2019,1573736441692,-18000000,3,'Headache 0');
INSERT INTO table_entries VALUES(125,0,8,13,10,2019,1573650015345,-18000000,3,'Headache 0');
INSERT INTO table_entries VALUES(126,0,8,12,10,2019,1573563631059,-18000000,3,'Headache 1.1');
INSERT INTO table_entries VALUES(127,0,17,11,10,2019,1573509616874,-18000000,3,'Headache 0.6');
INSERT INTO table_entries VALUES(128,0,8,11,10,2019,1573477235302,-18000000,3,'Headache 0.8');
INSERT INTO table_entries VALUES(129,0,17,10,10,2019,1573423241795,-18000000,3,'Headache 0.6');
INSERT INTO table_entries VALUES(130,30,15,10,10,2019,1573417815180,-18000000,3,'Headache 0.9');
INSERT INTO table_entries VALUES(131,0,8,10,10,2019,1573390821282,-18000000,3,'Headache 0');
INSERT INTO table_entries VALUES(132,0,8,9,10,2019,1573304420443,-18000000,3,'Headache 0');
INSERT INTO table_entries VALUES(133,0,8,8,10,2019,1573218018810,-18000000,3,'Headache 0');
INSERT INTO table_entries VALUES(134,0,8,7,10,2019,1573131602304,-18000000,3,'Headache 0');
INSERT INTO table_entries VALUES(135,0,19,6,10,2019,1573084835362,-18000000,3,'Headache 0.6');
INSERT INTO table_entries VALUES(136,0,8,6,10,2019,1573045259855,-18000000,3,'Headache 1');
INSERT INTO table_entries VALUES(137,0,16,5,10,2019,1572987616147,-18000000,3,'Headache 1.8');
INSERT INTO table_entries VALUES(138,0,8,5,10,2019,1572958835681,-18000000,3,'Headache 0.9');
INSERT INTO table_entries VALUES(139,30,7,5,10,2019,1572957012035,-18000000,3,'Sleep end');
INSERT INTO table_entries VALUES(140,30,22,4,10,2019,1572924657215,-18000000,3,'Sleep start');
INSERT INTO table_entries VALUES(141,44,21,4,10,2019,1572921878812,-18000000,3,replace('Took Tylenol\nTook maxalt','\n',char(10)));
INSERT INTO table_entries VALUES(142,30,19,4,10,2019,1572913824430,-18000000,3,'Headache 2');
INSERT INTO table_entries VALUES(143,30,8,4,10,2019,1572874247194,-18000000,3,'Sleep end');
INSERT INTO table_entries VALUES(144,0,8,4,10,2019,1572872458810,-18000000,3,'Headache 0.8');
INSERT INTO table_entries VALUES(145,30,21,3,10,2019,1572834629264,-18000000,3,'Sleep start');
INSERT INTO table_entries VALUES(146,12,10,3,10,2019,1572793961404,-18000000,3,'Sleep end');
INSERT INTO table_entries VALUES(147,0,8,3,10,2019,1572786045450,-18000000,3,'Headache 0.7');
INSERT INTO table_entries VALUES(148,45,6,3,10,2019,1572781550022,-18000000,3,'Sleep start');
INSERT INTO table_entries VALUES(149,15,3,3,10,2019,1572768934685,-18000000,3,'Sleep end');
INSERT INTO table_entries VALUES(150,15,0,3,10,2019,1572754517670,-14400000,3,'Sleep start');
INSERT INTO table_entries VALUES(151,0,8,2,10,2019,1572696058396,-14400000,3,'Headache 1');
INSERT INTO table_entries VALUES(152,30,14,1,10,2019,1572633037097,-14400000,3,'Headache 1.25');
INSERT INTO table_entries VALUES(153,0,8,1,10,2019,1572609624960,-14400000,3,'Headache 0');
INSERT INTO table_entries VALUES(154,0,0,1,10,2019,1572580851161,-14400000,3,'Start sleeping at 65°F');
INSERT INTO table_entries VALUES(155,50,23,31,9,2019,1572580242842,-14400000,3,'Start using mouthguard');
INSERT INTO table_entries VALUES(156,0,19,30,9,2019,1572476412316,-14400000,3,'Headache 0.6');
INSERT INTO table_entries VALUES(157,20,16,30,9,2019,1572466844753,-14400000,3,'Headache 1');
INSERT INTO table_entries VALUES(158,30,10,30,9,2019,1572445836922,-14400000,3,'Headache 1.75');
INSERT INTO table_entries VALUES(159,10,9,30,9,2019,1572441030677,-14400000,3,'Sleep end');
INSERT INTO table_entries VALUES(160,0,8,30,9,2019,1572436811302,-14400000,3,'Headache 1.4');
INSERT INTO table_entries VALUES(161,30,6,30,9,2019,1572431416531,-14400000,3,'Sleep start');
INSERT INTO table_entries VALUES(162,30,4,30,9,2019,1572424250139,-14400000,3,'Sleep end');
INSERT INTO table_entries VALUES(163,30,23,29,9,2019,1572406248709,-14400000,3,'Sleep start');
INSERT INTO table_entries VALUES(164,0,8,29,9,2019,1572350422216,-14400000,3,replace('Headache 1\nSleep 0:45 - 8:00','\n',char(10)));
INSERT INTO table_entries VALUES(165,6,20,28,9,2019,1572307610764,-14400000,3,'Start drug CoQ10');
INSERT INTO table_entries VALUES(166,0,16,28,9,2019,1572292829788,-14400000,3,'Headache 0');
INSERT INTO table_entries VALUES(167,0,8,28,9,2019,1572264016624,-14400000,3,'Headache 1');
INSERT INTO table_entries VALUES(168,0,22,27,9,2019,1572228016909,-14400000,3,'Migraine 1.25');
INSERT INTO table_entries VALUES(169,14,13,27,9,2019,1572196488217,-14400000,3,'Headache 1');
INSERT INTO table_entries VALUES(170,0,8,27,9,2019,1572177618619,-14400000,3,'Headache 1');
INSERT INTO table_entries VALUES(171,0,19,26,9,2019,1572130852363,-14400000,3,'Headache 1.5');
INSERT INTO table_entries VALUES(172,0,8,26,9,2019,1572091209444,-14400000,3,'Headache 1.2');
INSERT INTO table_entries VALUES(173,12,13,25,9,2019,1572023540158,-14400000,3,'Headache 1.15');
INSERT INTO table_entries VALUES(174,0,8,25,9,2019,1572004837789,-14400000,3,'Headache 0');
INSERT INTO table_entries VALUES(175,0,8,24,9,2019,1571918441123,-14400000,3,'Headache 0');
INSERT INTO table_entries VALUES(176,0,8,23,9,2019,1571832046570,-14400000,3,'Headache 1.15');
INSERT INTO table_entries VALUES(177,0,20,22,9,2019,1571788815486,-14400000,3,replace('Headache 1.75\nTook maxalt','\n',char(10)));
INSERT INTO table_entries VALUES(178,20,17,22,9,2019,1571779252147,-14400000,3,replace('Headache 1.25\nTired','\n',char(10)));
INSERT INTO table_entries VALUES(179,0,8,22,9,2019,1571745643631,-14400000,3,'Headache 1.1');
INSERT INTO table_entries VALUES(180,4,23,21,9,2019,1571713497872,-14400000,3,'Headache 0.85');
INSERT INTO table_entries VALUES(181,23,18,21,9,2019,1571696634343,-14400000,3,'Headache 0');
INSERT INTO table_entries VALUES(182,0,8,21,9,2019,1571659227170,-14400000,3,'Headache 0.75');
INSERT INTO table_entries VALUES(183,0,21,20,9,2019,1571619619880,-14400000,3,'Headache 0.75');
INSERT INTO table_entries VALUES(184,32,19,20,9,2019,1571614372866,-14400000,3,'Headache 1');
INSERT INTO table_entries VALUES(185,0,8,20,9,2019,1571572816546,-14400000,3,'Headache 0');
INSERT INTO table_entries VALUES(186,0,8,19,9,2019,1571486407524,-14400000,3,'Headache 0');
INSERT INTO table_entries VALUES(187,0,8,18,9,2019,1571400000615,-14400000,3,'Headache 0.75');
INSERT INTO table_entries VALUES(188,0,18,17,9,2019,1571349606584,-14400000,3,'Headache 0.8');
INSERT INTO table_entries VALUES(189,0,8,17,9,2019,1571313611590,-14400000,3,'Headache 1');
INSERT INTO table_entries VALUES(190,30,20,16,9,2019,1571272216551,-14400000,3,'Headache 1.1');
INSERT INTO table_entries VALUES(191,0,19,16,9,2019,1571266831376,-14400000,3,replace('Took maxalt\nTook caffeine','\n',char(10)));
INSERT INTO table_entries VALUES(192,30,17,16,9,2019,1571261407613,-14400000,3,'Headache 1.6');
INSERT INTO table_entries VALUES(193,52,15,16,9,2019,1571255562788,-14400000,3,'Headache 1.1');
INSERT INTO table_entries VALUES(194,0,8,16,9,2019,1571227230414,-14400000,3,'Headache 0.9');
INSERT INTO table_entries VALUES(195,0,8,15,9,2019,1571140838794,-14400000,3,'Headache 1');
INSERT INTO table_entries VALUES(196,0,20,14,9,2019,1571097604076,-14400000,3,replace('Headache 3\nMigraine 3\nCaffeine withdrawal?','\n',char(10)));
INSERT INTO table_entries VALUES(197,0,8,14,9,2019,1571054445000,-14400000,3,replace('Headache 1.15\nTook aimovig','\n',char(10)));
INSERT INTO table_entries VALUES(198,0,22,13,9,2019,1571018457318,-14400000,3,replace('Headache 2.25\nTook maxalt\nTook Tylenol','\n',char(10)));
INSERT INTO table_entries VALUES(199,30,19,13,9,2019,1571009439753,-14400000,3,'Headache 1.75');
INSERT INTO table_entries VALUES(200,0,8,13,9,2019,1570968008334,-14400000,3,'Headache 1.25');
INSERT INTO table_entries VALUES(201,0,21,12,9,2019,1570928432054,-14400000,3,replace('Headache 1.25\nTook maxalt\nTook tylenol','\n',char(10)));
INSERT INTO table_entries VALUES(202,0,8,12,9,2019,1570881611711,-14400000,3,'Headache 0.75');
INSERT INTO table_entries VALUES(203,0,8,11,9,2019,1570795249439,-14400000,3,'Headache 1');
INSERT INTO table_entries VALUES(204,0,18,10,9,2019,1570744801525,-14400000,3,'Headache 0.6');
INSERT INTO table_entries VALUES(205,0,8,10,9,2019,1570708801883,-14400000,3,'Headache 1.15');
INSERT INTO table_entries VALUES(206,30,13,9,9,2019,1570642231806,-14400000,3,'Headache 1.05');
INSERT INTO table_entries VALUES(207,0,8,9,9,2019,1570622419489,-14400000,3,'Headache 0.75');
INSERT INTO table_entries VALUES(208,0,8,8,9,2019,1570536012419,-14400000,3,'Headache 1');
INSERT INTO table_entries VALUES(209,0,16,7,9,2019,1570478401283,-14400000,3,'Headache 0.85');
INSERT INTO table_entries VALUES(210,0,12,7,9,2019,1570464035482,-14400000,3,'Headache 0.6');
INSERT INTO table_entries VALUES(211,0,8,7,9,2019,1570449627669,-14400000,3,'Headache 1');
INSERT INTO table_entries VALUES(212,0,8,6,9,2019,1570363218242,-14400000,3,'Headache 0');
INSERT INTO table_entries VALUES(213,0,8,5,9,2019,1570276805152,-14400000,3,'Headache 0');
INSERT INTO table_entries VALUES(214,0,20,4,9,2019,1570233609125,-14400000,3,replace('Headache 1.25\nTook maxalt\nTook Tylenol','\n',char(10)));
INSERT INTO table_entries VALUES(215,0,8,4,9,2019,1570190442072,-14400000,3,'Headache 0.75');
INSERT INTO table_entries VALUES(216,0,8,3,9,2019,1570104030817,-14400000,3,'Headache 0');
INSERT INTO table_entries VALUES(217,0,8,2,9,2019,1570017619952,-14400000,3,'Headache 0');
INSERT INTO table_entries VALUES(218,39,12,1,9,2019,1569947958453,-14400000,3,'Headache 1');
INSERT INTO table_entries VALUES(219,0,8,1,9,2019,1569931204544,-14400000,3,'Headache 0.75');
INSERT INTO table_entries VALUES(220,0,14,30,8,2019,1569866423983,-14400000,3,'Headache 0.75');
INSERT INTO table_entries VALUES(221,0,8,30,8,2019,1569844828386,-14400000,3,'Headache 1.5');
INSERT INTO table_entries VALUES(222,0,23,29,8,2019,1569812403806,-14400000,3,'Headache 1.25');
INSERT INTO table_entries VALUES(223,0,18,29,8,2019,1569794441492,-14400000,3,replace('Headache 1.5\nTook maxalt','\n',char(10)));
INSERT INTO table_entries VALUES(224,0,8,29,8,2019,1569758428524,-14400000,3,'Headache 0.8');
INSERT INTO table_entries VALUES(225,47,20,28,8,2019,1569718048965,-14400000,3,'Headache 1.25');
INSERT INTO table_entries VALUES(226,0,8,27,8,2019,1569585658690,-14400000,3,'Headache 1.1');
INSERT INTO table_entries VALUES(227,0,8,26,8,2019,1569499246338,-14400000,3,'Headache 1.1');
INSERT INTO table_entries VALUES(228,27,22,25,8,2019,1569464865184,-14400000,3,'Took Tylenol');
INSERT INTO table_entries VALUES(229,0,20,25,8,2019,1569456041246,-14400000,3,replace('Headache 1.6\nMigraine 1.6\nTook maxalt','\n',char(10)));
INSERT INTO table_entries VALUES(230,0,8,25,8,2019,1569412826336,-14400000,3,'Headache 1.1');
INSERT INTO table_entries VALUES(231,5,19,24,8,2019,1569366346513,-14400000,3,replace('Headache 1.1\nMigraine 0.75','\n',char(10)));
INSERT INTO table_entries VALUES(232,0,16,24,8,2019,1569355240296,-14400000,3,replace('Headache 2\nMigraine 2\nTook Sumatriptan injectable','\n',char(10)));
INSERT INTO table_entries VALUES(233,0,8,24,8,2019,1569326449544,-14400000,3,'Headache 1.15');
INSERT INTO table_entries VALUES(234,0,8,23,8,2019,1569240059320,-14400000,3,'Headache 1.2');
INSERT INTO table_entries VALUES(235,0,19,22,8,2019,1569193236835,-14400000,3,'Headache 1.5');
INSERT INTO table_entries VALUES(236,0,14,22,8,2019,1569175243310,-14400000,3,'Headache 2');
INSERT INTO table_entries VALUES(237,0,8,22,8,2019,1569153650854,-14400000,3,replace('Headache 1.35\nTook maxalt\nTook Excedrin','\n',char(10)));
INSERT INTO table_entries VALUES(238,11,17,21,8,2019,1569100308790,-14400000,3,'Headache 1.1');
INSERT INTO table_entries VALUES(239,21,14,21,8,2019,1569090109353,-14400000,3,'Headache 1');
INSERT INTO table_entries VALUES(240,0,8,21,8,2019,1569067238170,-14400000,3,'Headache 0');
INSERT INTO table_entries VALUES(241,0,8,20,8,2019,1568980836331,-14400000,3,replace('Headache 1\nSwitched magnesium formula','\n',char(10)));
INSERT INTO table_entries VALUES(242,0,8,19,8,2019,1568894421739,-14400000,3,'Headache 0.75');
INSERT INTO table_entries VALUES(243,0,12,18,8,2019,1568822452166,-14400000,3,'Headache 0.75');
INSERT INTO table_entries VALUES(244,0,8,18,8,2019,1568808025315,-14400000,3,'Headache 1.1');
INSERT INTO table_entries VALUES(245,0,19,17,8,2019,1568761255993,-14400000,3,'Headache 1');
INSERT INTO table_entries VALUES(246,0,16,17,8,2019,1568750411578,-14400000,3,'Took Excedrin');
INSERT INTO table_entries VALUES(247,0,8,17,8,2019,1568721650321,-14400000,3,'Headache 1.25');
INSERT INTO table_entries VALUES(248,0,8,16,8,2019,1568635202759,-14400000,3,replace('Headache 1.25\nTook maxalt\nTook Excedrin','\n',char(10)));
INSERT INTO table_entries VALUES(249,45,17,15,8,2019,1568583944698,-14400000,3,'Headache 0.75');
INSERT INTO table_entries VALUES(250,30,14,15,8,2019,1568572201834,-14400000,3,'Headache 1.25');
INSERT INTO table_entries VALUES(251,0,8,15,8,2019,1568548822151,-14400000,3,'Headache 0');
INSERT INTO table_entries VALUES(252,0,8,14,8,2019,1568462405964,-14400000,3,'Headache 0');
INSERT INTO table_entries VALUES(253,0,8,13,8,2019,1568376018744,-14400000,3,'Headache 0');
INSERT INTO table_entries VALUES(254,0,16,12,8,2019,1568318454615,-14400000,3,'Headache 1');
INSERT INTO table_entries VALUES(255,30,12,12,8,2019,1568305814386,-14400000,3,'Headache 0.75');
INSERT INTO table_entries VALUES(256,0,8,12,8,2019,1568289658920,-14400000,3,'Headache 0.5');
INSERT INTO table_entries VALUES(257,26,17,11,8,2019,1568237195592,-14400000,3,'Headache 0.9');
INSERT INTO table_entries VALUES(258,3,15,11,8,2019,1568228593435,-14400000,3,replace('Headache 1.2\nTook Excedrin','\n',char(10)));
INSERT INTO table_entries VALUES(259,0,8,11,8,2019,1568203257860,-14400000,3,'Headache 0.75');
INSERT INTO table_entries VALUES(260,38,13,10,8,2019,1568137090079,-14400000,3,'Headache 0.75');
INSERT INTO table_entries VALUES(261,0,8,10,8,2019,1568116857866,-14400000,3,'Headache 1');
INSERT INTO table_entries VALUES(262,0,8,9,8,2019,1568030457110,-14400000,3,'Headache 1.1');
INSERT INTO table_entries VALUES(263,0,18,6,8,2019,1567807253698,-14400000,3,'Headache 1.1');
INSERT INTO table_entries VALUES(264,15,14,6,8,2019,1567793729322,-14400000,3,replace('Headache 1.55\nTook maxalt\nTook Excedrin','\n',char(10)));
INSERT INTO table_entries VALUES(265,2,11,6,8,2019,1567782124054,-14400000,3,'Headache 1.3');
INSERT INTO table_entries VALUES(266,0,8,6,8,2019,1567771251562,-14400000,3,'Headache 0.5');
INSERT INTO table_entries VALUES(267,9,14,5,8,2019,1567706949184,-14400000,3,'Headache 1.25');
INSERT INTO table_entries VALUES(268,0,8,5,8,2019,1567684817429,-14400000,3,'Headache 0.85');
INSERT INTO table_entries VALUES(269,0,5,5,8,2019,1567674039829,-14400000,3,'Headache 0.75');
INSERT INTO table_entries VALUES(270,0,8,4,8,2019,1567598402927,-14400000,3,'Headache 0.8');
INSERT INTO table_entries VALUES(271,0,8,3,8,2019,1567512033091,-14400000,3,'Headache 0.8');
INSERT INTO table_entries VALUES(272,0,8,2,8,2019,1567425616955,-14400000,3,replace('Headache 0.8\nTook maxalt','\n',char(10)));
INSERT INTO table_entries VALUES(273,0,8,1,8,2019,1567339258985,-14400000,3,'Headache 1');
INSERT INTO table_entries VALUES(274,0,0,1,8,2019,1567310442150,-14400000,3,'Headache 0.75');
INSERT INTO table_entries VALUES(275,22,17,31,7,2019,1567286540783,-14400000,3,'Headache 0.65');
INSERT INTO table_entries VALUES(276,0,8,30,7,2019,1567166404256,-14400000,3,'Headache 0');
INSERT INTO table_entries VALUES(277,0,8,29,7,2019,1567080059992,-14400000,3,'Headache 0.5');
INSERT INTO table_entries VALUES(278,0,8,28,7,2019,1566993604871,-14400000,3,'Headache 0');
INSERT INTO table_entries VALUES(279,0,8,27,7,2019,1566907257387,-14400000,3,'Headache 0.5');
INSERT INTO table_entries VALUES(280,0,11,26,7,2019,1566831606868,-14400000,3,'Headache 0.75');
INSERT INTO table_entries VALUES(281,0,8,26,7,2019,1566820810708,-14400000,3,'Headache 1');
INSERT INTO table_entries VALUES(282,30,15,25,7,2019,1566757808037,-10800000,3,'Headache 0.5');
INSERT INTO table_entries VALUES(283,20,14,25,7,2019,1566753648057,-10800000,3,replace('Headache 1\nMigraine 0','\n',char(10)));
INSERT INTO table_entries VALUES(284,3,13,25,7,2019,1566749019168,-10800000,3,replace('Headache 1.5\nMigraine 1.75\nTook sumatriptan\nTook Tylenol','\n',char(10)));
INSERT INTO table_entries VALUES(285,0,8,25,7,2019,1566730859350,-10800000,3,'Headache 1');
INSERT INTO table_entries VALUES(286,0,12,24,7,2019,1566658835095,-10800000,3,'Headache 1');
INSERT INTO table_entries VALUES(287,0,8,24,7,2019,1566644438541,-10800000,3,'Headache 1.75');
INSERT INTO table_entries VALUES(288,0,18,23,7,2019,1566594035708,-10800000,3,'Headache 1');
INSERT INTO table_entries VALUES(289,0,11,23,7,2019,1566568804779,-10800000,3,'Headache 0.75');
INSERT INTO table_entries VALUES(290,42,7,23,7,2019,1566556952919,-10800000,3,'Headache 0.9');
INSERT INTO table_entries VALUES(291,0,18,22,7,2019,1566507607896,-10800000,3,'Headache 1.5');
INSERT INTO table_entries VALUES(292,0,14,22,7,2019,1566493206735,-10800000,3,'Headache 1.1');
INSERT INTO table_entries VALUES(293,0,10,22,7,2019,1566478844092,-10800000,3,'Headache 0.75');
INSERT INTO table_entries VALUES(294,0,8,22,7,2019,1566471643259,-10800000,3,'Headache 1.1');
INSERT INTO table_entries VALUES(295,49,16,21,7,2019,1566416972975,-10800000,3,'Headache 1.25');
INSERT INTO table_entries VALUES(296,25,15,21,7,2019,1566411914335,-10800000,3,'Headache 1.1');
INSERT INTO table_entries VALUES(297,0,11,21,7,2019,1566396058519,-10800000,3,'Headache 0.5');
INSERT INTO table_entries VALUES(298,0,8,21,7,2019,1566385201655,-10800000,3,'Headache 1');
INSERT INTO table_entries VALUES(299,29,12,20,7,2019,1566314941195,-10800000,3,replace('Headache 1.5\nMigraine 1.5','\n',char(10)));
INSERT INTO table_entries VALUES(300,1,11,20,7,2019,1566309677787,-10800000,3,replace('Headache 1.25\nMigraine 1.25\nTook maxalt','\n',char(10)));
INSERT INTO table_entries VALUES(301,0,8,20,7,2019,1566298842358,-10800000,3,'Headache 1.1');
INSERT INTO table_entries VALUES(302,0,8,19,7,2019,1566212405078,-10800000,3,'Headache 0.5');
INSERT INTO table_entries VALUES(303,0,20,18,7,2019,1566169206319,-10800000,3,'Headache 1.25');
INSERT INTO table_entries VALUES(304,0,8,18,7,2019,1566126022208,-10800000,3,'Headache 0.4');
INSERT INTO table_entries VALUES(305,0,8,17,7,2019,1566039651095,-10800000,3,'Headache 0.4');
INSERT INTO table_entries VALUES(306,0,8,16,7,2019,1565953225686,-10800000,3,'Headache 1.1');
INSERT INTO table_entries VALUES(307,48,20,15,7,2019,1565912924128,-10800000,3,replace('Headache 0.5\nStarted amitriptyline 50mg','\n',char(10)));
INSERT INTO table_entries VALUES(308,0,8,15,7,2019,1565870455321,-14400000,3,'Headache 1.1');
INSERT INTO table_entries VALUES(309,0,18,14,7,2019,1565820036101,-14400000,3,'Headache 1.75');
INSERT INTO table_entries VALUES(310,0,8,14,7,2019,1565784022220,-14400000,3,'Headache 0.5');
INSERT INTO table_entries VALUES(311,0,21,13,7,2019,1565744436343,-14400000,3,replace('Headache 0.75\nTook Aimovig 140mg','\n',char(10)));
INSERT INTO table_entries VALUES(312,47,12,13,7,2019,1565714852709,-14400000,3,'Headache 1');
INSERT INTO table_entries VALUES(313,0,8,13,7,2019,1565697629273,-14400000,3,'Headache 0.75');
INSERT INTO table_entries VALUES(314,0,8,12,7,2019,1565611257253,-14400000,3,'Headache 0.5');
INSERT INTO table_entries VALUES(315,0,20,11,7,2019,1565568032466,-14400000,3,'Headache 1.1');
INSERT INTO table_entries VALUES(316,46,16,11,7,2019,1565556392556,-14400000,3,replace('Headache 1.6\nTook maxalt\nTook Tylenol','\n',char(10)));
INSERT INTO table_entries VALUES(317,0,15,11,7,2019,1565550013643,-14400000,3,replace('Headache 1.25\nMigraine 1.25','\n',char(10)));
INSERT INTO table_entries VALUES(318,0,8,11,7,2019,1565524851555,-14400000,3,'Headache 0.5');
INSERT INTO table_entries VALUES(319,0,18,10,7,2019,1565474459304,-14400000,3,'Headache 1');
INSERT INTO table_entries VALUES(320,30,14,10,7,2019,1565461813805,-14400000,3,replace('Headache 1.75\nTook maxalt\nTook Excedrin','\n',char(10)));
INSERT INTO table_entries VALUES(321,0,8,10,7,2019,1565438457387,-14400000,3,'Headache 0.5');
INSERT INTO table_entries VALUES(322,0,8,9,7,2019,1565352001112,-14400000,3,'Headache 1');
INSERT INTO table_entries VALUES(323,0,8,8,7,2019,1565265645371,-14400000,3,'Headache 0.5');
INSERT INTO table_entries VALUES(324,0,8,7,7,2019,1565179225801,-14400000,3,'Headache 0.5');
INSERT INTO table_entries VALUES(325,28,17,6,7,2019,1565126886836,-14400000,3,'Headache 1.25');
INSERT INTO table_entries VALUES(326,13,13,6,7,2019,1565111638331,-14400000,3,'Headache 1.15');
INSERT INTO table_entries VALUES(327,0,8,6,7,2019,1565092807525,-14400000,3,'Headache 0.75');
INSERT INTO table_entries VALUES(328,0,8,5,7,2019,1565006427509,-14400000,3,'Headache 0.5');
INSERT INTO table_entries VALUES(329,0,8,4,7,2019,1564920010201,-14400000,3,'Headache 1.35');
INSERT INTO table_entries VALUES(330,0,14,3,7,2019,1564855236219,-14400000,3,replace('Headache 1.5\nTook sumatriptan injectable 3mg','\n',char(10)));
INSERT INTO table_entries VALUES(331,12,12,3,7,2019,1564848734800,-14400000,3,'Headache 1.25');
INSERT INTO table_entries VALUES(332,0,8,3,7,2019,1564833636933,-14400000,3,'Headache 1');
INSERT INTO table_entries VALUES(333,0,20,2,7,2019,1564790408812,-14400000,3,'Started amitriptyline 40mg');
INSERT INTO table_entries VALUES(334,0,8,2,7,2019,1564747231495,-14400000,3,'Headache 1');
INSERT INTO table_entries VALUES(335,0,15,1,7,2019,1564686016765,-14400000,3,'Headache 0.5');
INSERT INTO table_entries VALUES(336,0,8,1,7,2019,1564660855283,-14400000,3,'Headache 1');
INSERT INTO table_entries VALUES(337,50,13,31,6,2019,1564595416621,-14400000,3,'Headache 1.1');
INSERT INTO table_entries VALUES(338,0,8,31,6,2019,1564574421423,-14400000,3,'Headache 0.6');
INSERT INTO table_entries VALUES(339,0,8,30,6,2019,1564488042898,-14400000,3,'Headache 0.75');
INSERT INTO table_entries VALUES(340,0,8,29,6,2019,1564401629732,-14400000,3,'Headache 0.5');
INSERT INTO table_entries VALUES(341,13,12,28,6,2019,1564330421918,-14400000,3,replace('Headache 1\nMigraine 1\nTook maxalt','\n',char(10)));
INSERT INTO table_entries VALUES(342,0,8,27,6,2019,1564228828537,-14400000,3,'Headache 1');
INSERT INTO table_entries VALUES(343,0,8,26,6,2019,1564142459018,-14400000,3,'Headache 0.75');
INSERT INTO table_entries VALUES(344,0,8,25,6,2019,1564056046485,-14400000,3,'Headache 0.5');
INSERT INTO table_entries VALUES(345,0,19,24,6,2019,1564009215558,-14400000,3,'Migraine 1.5');
INSERT INTO table_entries VALUES(346,0,8,24,6,2019,1563969633464,-14400000,3,'Headache 1');
INSERT INTO table_entries VALUES(347,0,8,23,6,2019,1563883219103,-14400000,3,'Headache 0.6');
INSERT INTO table_entries VALUES(348,0,8,22,6,2019,1563796851873,-14400000,3,'Headache 0.75');
INSERT INTO table_entries VALUES(349,40,10,21,6,2019,1563720049982,-14400000,3,'Headache 1.4');
INSERT INTO table_entries VALUES(350,0,10,21,6,2019,1563717605279,-14400000,3,replace('Took maxalt\nTook Excedrin','\n',char(10)));
INSERT INTO table_entries VALUES(351,0,8,21,6,2019,1563710429941,-14400000,3,replace('Headache 1\nMigraine 1.5','\n',char(10)));
INSERT INTO table_entries VALUES(352,0,21,20,6,2019,1563670812329,-14400000,3,'Headache 1.5');
INSERT INTO table_entries VALUES(353,0,8,20,6,2019,1563624024633,-14400000,3,replace('Headache 1.25\nMigraine 0','\n',char(10)));
INSERT INTO table_entries VALUES(354,0,19,19,6,2019,1563577205997,-14400000,3,'Headache 1.25');
INSERT INTO table_entries VALUES(355,0,16,19,6,2019,1563566449573,-14400000,3,'Headache 1.5');
INSERT INTO table_entries VALUES(356,35,12,19,6,2019,1563554112016,-14400000,3,replace('Headache 1.75\nTook maxalt\nTook sprix','\n',char(10)));
INSERT INTO table_entries VALUES(357,8,12,19,6,2019,1563552507727,-14400000,3,'Headache 2');
INSERT INTO table_entries VALUES(358,0,11,19,6,2019,1563548407614,-14400000,3,replace('Headache 1.75\nMigraine 1.75','\n',char(10)));
INSERT INTO table_entries VALUES(359,0,8,19,6,2019,1563537647290,-14400000,3,'Headache 1.25');
INSERT INTO table_entries VALUES(360,0,16,18,6,2019,1563480016446,-14400000,3,'Headache 1.5');
INSERT INTO table_entries VALUES(361,41,14,18,6,2019,1563475302143,-14400000,3,'Headache 1.25');
INSERT INTO table_entries VALUES(362,30,11,18,6,2019,1563463827392,-14400000,3,'Took maxalt');
INSERT INTO table_entries VALUES(363,26,10,18,6,2019,1563460012420,-14400000,3,'Headache 1.4');
INSERT INTO table_entries VALUES(364,0,8,18,6,2019,1563451238048,-14400000,3,'Headache 1');
INSERT INTO table_entries VALUES(365,0,21,17,6,2019,1563411624306,-14400000,3,'Headache 1.2');
INSERT INTO table_entries VALUES(366,0,16,17,6,2019,1563393656459,-14400000,3,'Headache 1.5');
INSERT INTO table_entries VALUES(367,0,8,17,6,2019,1563364832855,-14400000,3,'Headache 1.2');
INSERT INTO table_entries VALUES(368,0,8,16,6,2019,1563278459820,-14400000,3,replace('Headache 1.25\nMigraine 0','\n',char(10)));
INSERT INTO table_entries VALUES(369,30,15,15,6,2019,1563219019603,-14400000,3,replace('Headache 1.25\nMigraine 0.5','\n',char(10)));
INSERT INTO table_entries VALUES(370,0,14,15,6,2019,1563213657573,-14400000,3,'Took maxalt');
INSERT INTO table_entries VALUES(371,5,11,15,6,2019,1563203128499,-14400000,3,replace('Headache 1.5\nMigraine 1.5','\n',char(10)));
INSERT INTO table_entries VALUES(372,0,8,15,6,2019,1563192009419,-14400000,3,replace('Headache 1.25\nTook sprix','\n',char(10)));
INSERT INTO table_entries VALUES(373,0,18,14,6,2019,1563141648976,-14400000,3,'Headache 1.1');
INSERT INTO table_entries VALUES(374,0,14,14,6,2019,1563127222358,-14400000,3,replace('Headache 1.5\nTook maxalt\nTook sprix','\n',char(10)));
INSERT INTO table_entries VALUES(375,43,11,14,6,2019,1563119008579,-14400000,3,'Headache 1.3');
INSERT INTO table_entries VALUES(376,44,13,13,6,2019,1563039858246,-14400000,3,replace('Headache 1\nStarted amitriptyline 30mg\nStopped gralise','\n',char(10)));
INSERT INTO table_entries VALUES(377,0,17,12,6,2019,1562965256414,-14400000,3,'Headache 0.25');
INSERT INTO table_entries VALUES(378,38,10,12,6,2019,1562942285878,-14400000,3,'Headache 1');
INSERT INTO table_entries VALUES(379,0,8,11,6,2019,1562846437069,-14400000,3,'Headache 0.5');
INSERT INTO table_entries VALUES(380,0,8,10,6,2019,1562760056419,-14400000,3,'Headache 0.5');
INSERT INTO table_entries VALUES(381,0,20,9,6,2019,1562716820698,-14400000,3,'Headache 0.5');
INSERT INTO table_entries VALUES(382,9,14,9,6,2019,1562695779845,-14400000,3,'Headache 1.25');
INSERT INTO table_entries VALUES(383,0,8,9,6,2019,1562673617747,-14400000,3,'Headache 0');
INSERT INTO table_entries VALUES(384,0,23,8,6,2019,1562641233865,-14400000,3,'Headache 0.75');
INSERT INTO table_entries VALUES(385,6,15,8,6,2019,1562612777290,-14400000,3,'Headache 1.25');
INSERT INTO table_entries VALUES(386,23,12,8,6,2019,1562603010994,-14400000,3,replace('Took Aimovig 140mg\nApproximate; forgot to record','\n',char(10)));
INSERT INTO table_entries VALUES(387,0,8,8,6,2019,1562587214007,-14400000,3,'Headache 1');
INSERT INTO table_entries VALUES(388,44,17,7,6,2019,1562535855972,-14400000,3,'Headache 0.75');
INSERT INTO table_entries VALUES(389,43,14,7,6,2019,1562524994054,-14400000,3,'Headache 1.2');
INSERT INTO table_entries VALUES(390,0,8,7,6,2019,1562500800926,-14400000,3,'Headache 1.35');
INSERT INTO table_entries VALUES(391,0,20,6,6,2019,1562457642728,-14400000,3,'Headache 0.75');
INSERT INTO table_entries VALUES(392,0,8,6,6,2019,1562414456213,-14400000,3,'Headache 1.4');
INSERT INTO table_entries VALUES(393,0,16,5,6,2019,1562356853601,-14400000,3,replace('Headache 1.35\nTook sprix','\n',char(10)));
INSERT INTO table_entries VALUES(394,0,10,5,6,2019,1562335225865,-14400000,3,'Headache 1');
INSERT INTO table_entries VALUES(395,0,4,5,6,2019,1562313658919,-14400000,3,replace('Headache 4\nTook maxalt\nTook sprix','\n',char(10)));
INSERT INTO table_entries VALUES(396,30,10,4,6,2019,1562250633357,-14400000,3,replace('Headache 1.25\nWent to the gym\nStayed at the beach for 4 hours\nOne alcoholic drink','\n',char(10)));
INSERT INTO table_entries VALUES(397,0,8,4,6,2019,1562241620930,-14400000,3,'Headache 0.5');
INSERT INTO table_entries VALUES(398,0,12,3,6,2019,1562169650159,-14400000,3,replace('Headache 0.5\nMigraine 0','\n',char(10)));
INSERT INTO table_entries VALUES(399,20,10,3,6,2019,1562163643557,-14400000,3,'Headache 1.25');
INSERT INTO table_entries VALUES(400,0,8,2,6,2019,1562068843296,-14400000,3,'Headache 1');
INSERT INTO table_entries VALUES(401,18,16,1,6,2019,1562012336425,-14400000,3,'Headache 1.25');
INSERT INTO table_entries VALUES(402,24,10,1,6,2019,1561991082142,-14400000,3,replace('Headache 1.4\nMood 6/10','\n',char(10)));
INSERT INTO table_entries VALUES(403,45,9,1,6,2019,1561988708942,-14400000,3,'Headache 1.75');
INSERT INTO table_entries VALUES(404,0,8,30,5,2019,1561896046559,-14400000,3,replace('Headache 0.25\nMigraine 0','\n',char(10)));
INSERT INTO table_entries VALUES(405,0,16,29,5,2019,1561838424305,-14400000,3,replace('Headache 1\nMigraine 1.5\nStarted amitriptyline 20mg','\n',char(10)));
INSERT INTO table_entries VALUES(406,0,8,29,5,2019,1561809650699,-14400000,3,replace('Headache 2.25\nMigraine 2.25\nMood 5/10\nTook maxalt\nTook tylenol','\n',char(10)));
INSERT INTO table_entries VALUES(407,50,15,28,5,2019,1561751447103,-14400000,3,'Headache 1.2');
INSERT INTO table_entries VALUES(408,0,8,28,5,2019,1561723202774,-14400000,3,'Headache 0.5');
INSERT INTO table_entries VALUES(409,36,15,27,5,2019,1561664214874,-14400000,3,'Headache 1.4');
INSERT INTO table_entries VALUES(410,53,12,27,5,2019,1561654410096,-14400000,3,replace('Headache 0.75\nMood 7/10','\n',char(10)));
INSERT INTO table_entries VALUES(411,7,14,26,5,2019,1561572469054,-14400000,3,'Headache 1.35');
INSERT INTO table_entries VALUES(412,0,8,26,5,2019,1561550413434,-14400000,3,'Headache 1');
INSERT INTO table_entries VALUES(413,0,8,25,5,2019,1561464033170,-14400000,3,'Headache 1.25');
INSERT INTO table_entries VALUES(414,0,18,24,5,2019,1561413605304,-14400000,3,'Headache 1.5');
INSERT INTO table_entries VALUES(415,0,13,24,5,2019,1561395638241,-14400000,3,replace('Headache 2\nTook maxalt','\n',char(10)));
INSERT INTO table_entries VALUES(416,23,10,24,5,2019,1561386183636,-14400000,3,'Took SPRIX');
INSERT INTO table_entries VALUES(417,0,8,24,5,2019,1561377604377,-14400000,3,'Headache 1.6');
INSERT INTO table_entries VALUES(418,0,16,23,5,2019,1561320034026,-14400000,3,'Went snorkeling, bike riding');
INSERT INTO table_entries VALUES(419,30,8,23,5,2019,1561293013469,-14400000,3,'Headache 1.25');
INSERT INTO table_entries VALUES(420,0,13,22,5,2019,1561222851531,-14400000,3,'Headache 0.5');
INSERT INTO table_entries VALUES(421,45,10,22,5,2019,1561214701699,-14400000,3,'Headache 1.25');
INSERT INTO table_entries VALUES(422,0,8,22,5,2019,1561204834051,-14400000,3,replace('Headache 0.75\nMigraine 0\nMood 5/10','\n',char(10)));
INSERT INTO table_entries VALUES(423,26,15,21,5,2019,1561145213392,-14400000,3,replace('Headache 1\nMood 5/10','\n',char(10)));
INSERT INTO table_entries VALUES(424,30,8,21,5,2019,1561120234330,-14400000,3,replace('Headache 0.25\nMood 6/10','\n',char(10)));
INSERT INTO table_entries VALUES(425,59,14,20,5,2019,1561057159008,-14400000,3,replace('Headache 1.25\nMigraine 0.5\nMood 7/10','\n',char(10)));
INSERT INTO table_entries VALUES(426,0,8,20,5,2019,1561032053498,-14400000,3,replace('Headache 0.75\nMigraine 0\nMood 7/10','\n',char(10)));
INSERT INTO table_entries VALUES(427,0,8,19,5,2019,1560945630319,-14400000,3,replace('Headache 1\nMood 8/10\nMigraine 0','\n',char(10)));
INSERT INTO table_entries VALUES(428,12,18,18,5,2019,1560895939666,-14400000,3,'Headache 1.5');
INSERT INTO table_entries VALUES(429,26,13,18,5,2019,1560878779607,-14400000,3,'Headache 1');
INSERT INTO table_entries VALUES(430,15,9,18,5,2019,1560863729270,-14400000,3,replace('Headache 1.25\nMood 7/10','\n',char(10)));
INSERT INTO table_entries VALUES(431,0,8,17,5,2019,1560772854964,-14400000,3,replace('Headache 0.75\nMood 7/10','\n',char(10)));
INSERT INTO table_entries VALUES(432,29,23,16,5,2019,1560742171844,-14400000,3,replace('Headache 0.5\nMood 8/10','\n',char(10)));
INSERT INTO table_entries VALUES(433,0,8,16,5,2019,1560686416383,-14400000,3,replace('Headache 1.25\nMigraine 0\nMood 4/10','\n',char(10)));
INSERT INTO table_entries VALUES(434,0,8,15,5,2019,1560600027526,-14400000,3,'Headache 1.25');
INSERT INTO table_entries VALUES(435,0,8,14,5,2019,1560513642498,-14400000,3,replace('Headache 1.6\nStarted ametryptaline 10mg','\n',char(10)));
INSERT INTO table_entries VALUES(436,17,16,13,5,2019,1560457064647,-14400000,3,replace('Headache 1.6\nStopped gralise 600mg\nStarted gralise 300mg','\n',char(10)));
INSERT INTO table_entries VALUES(437,27,9,12,5,2019,1560346028807,-14400000,3,'Headache 1.6');
INSERT INTO table_entries VALUES(438,0,8,11,5,2019,1560254401619,-14400000,3,'Headache 1.5');
INSERT INTO table_entries VALUES(439,16,13,10,5,2019,1560187010471,-14400000,3,replace('Headache 1.75\nTook maxalt','\n',char(10)));
INSERT INTO table_entries VALUES(440,56,10,10,5,2019,1560178618814,-14400000,3,'Headache 1.5');
INSERT INTO table_entries VALUES(441,0,20,9,5,2019,1560124844807,-14400000,3,'Headache 0.25');
INSERT INTO table_entries VALUES(442,0,8,8,5,2019,1559995243480,-14400000,3,replace('Headache 0.5\nTook Aimovig 140 mg','\n',char(10)));
INSERT INTO table_entries VALUES(443,43,12,7,5,2019,1559925796041,-14400000,3,'Headache 0.5');
INSERT INTO table_entries VALUES(444,0,8,6,5,2019,1559822456078,-14400000,3,'Headache 1.25');
INSERT INTO table_entries VALUES(445,25,13,5,5,2019,1559755559993,-14400000,3,'Headache 1.25');
INSERT INTO table_entries VALUES(446,35,6,5,5,2019,1559730906629,-14400000,3,'Headache 1.5');
INSERT INTO table_entries VALUES(447,0,8,4,5,2019,1559649634022,-14400000,3,'Headache 1.5');
INSERT INTO table_entries VALUES(448,0,8,3,5,2019,1559563248166,-14400000,3,'Headache 1.5');
INSERT INTO table_entries VALUES(449,30,21,2,5,2019,1559525425865,-14400000,3,'Headache 1.75');
INSERT INTO table_entries VALUES(450,30,12,2,5,2019,1559493002989,-14400000,3,'Headache 1.5');
INSERT INTO table_entries VALUES(451,0,8,2,5,2019,1559476850441,-14400000,3,'Headache 3');
INSERT INTO table_entries VALUES(452,52,16,1,5,2019,1559422364221,-14400000,3,'Headache 1.25');
INSERT INTO table_entries VALUES(453,35,6,31,4,2019,1559298934276,-14400000,3,'Headache 1');
INSERT INTO table_entries VALUES(454,45,19,30,4,2019,1559259905463,-14400000,3,'Headache 1.25');
INSERT INTO table_entries VALUES(455,47,16,30,4,2019,1559249238043,-14400000,3,'Headache 1.5');
INSERT INTO table_entries VALUES(456,18,10,30,4,2019,1559225885512,-14400000,3,'Headache 1.75');
INSERT INTO table_entries VALUES(457,46,18,29,4,2019,1559169992218,-14400000,3,'Headache 1.75');
INSERT INTO table_entries VALUES(458,10,7,29,4,2019,1559128244417,-14400000,3,'Headache 1.5');
INSERT INTO table_entries VALUES(459,10,7,28,4,2019,1559041825829,-14400000,3,'Headache 1.5');
INSERT INTO table_entries VALUES(460,0,12,27,4,2019,1558972816713,-14400000,3,'Headache 1.5');
INSERT INTO table_entries VALUES(461,0,8,27,4,2019,1558958451267,-14400000,3,replace('Headache 3\nTook maxalt\nTook Tylenol\nTook caffeine','\n',char(10)));
INSERT INTO table_entries VALUES(462,0,12,26,4,2019,1558886431889,-14400000,3,'Headache 1.5');
INSERT INTO table_entries VALUES(463,0,8,26,4,2019,1558872005735,-14400000,3,'Headache 1');
INSERT INTO table_entries VALUES(464,0,8,25,4,2019,1558785646899,-14400000,3,'Headache 0.25');
INSERT INTO table_entries VALUES(465,7,16,24,4,2019,1558728455894,-14400000,3,'Headache 1.6');
INSERT INTO table_entries VALUES(466,23,7,24,4,2019,1558696985214,-14400000,3,'Headache 1.4');
INSERT INTO table_entries VALUES(467,22,7,23,4,2019,1558610569943,-14400000,3,'Headache 1.1');
INSERT INTO table_entries VALUES(468,0,15,22,4,2019,1558551634407,-14400000,3,'Headache 1.25');
INSERT INTO table_entries VALUES(469,0,12,22,4,2019,1558540804014,-14400000,3,'Headache 1.5');
INSERT INTO table_entries VALUES(470,0,8,22,4,2019,1558526438662,-14400000,3,'Headache 1.75');
INSERT INTO table_entries VALUES(471,0,19,21,4,2019,1558479652863,-14400000,3,replace('Headache 1.75\nTook maxalt','\n',char(10)));
INSERT INTO table_entries VALUES(472,0,16,21,4,2019,1558468832128,-14400000,3,'Headache 1.4');
INSERT INTO table_entries VALUES(473,2,14,21,4,2019,1558461775251,-14400000,3,'Headache 1.15');
INSERT INTO table_entries VALUES(474,0,8,20,4,2019,1558353650276,-14400000,3,'Headache 1.25');
INSERT INTO table_entries VALUES(475,26,12,19,4,2019,1558283164795,-14400000,3,'Headache 0.75');
INSERT INTO table_entries VALUES(476,0,8,18,4,2019,1558180821360,-14400000,3,'Headache 1.25');
INSERT INTO table_entries VALUES(477,0,8,17,4,2019,1558094402622,-14400000,3,'Headache 1.25');
INSERT INTO table_entries VALUES(478,7,14,16,4,2019,1558030069298,-14400000,3,'Headache 1.25');
INSERT INTO table_entries VALUES(479,53,10,16,4,2019,1558018423906,-14400000,3,'Headache 1.5');
INSERT INTO table_entries VALUES(480,0,8,16,4,2019,1558008007620,-14400000,3,replace('Headache 2\nTook maxalt, Tylenol, caffeine','\n',char(10)));
INSERT INTO table_entries VALUES(481,50,11,15,4,2019,1557935455191,-14400000,3,replace('Headache 1.5\nTook maxalt','\n',char(10)));
INSERT INTO table_entries VALUES(482,0,8,15,4,2019,1557921642663,-14400000,3,'Headache 1.5');
INSERT INTO table_entries VALUES(483,0,8,14,4,2019,1557835239264,-14400000,3,'Headache 0.5');
INSERT INTO table_entries VALUES(484,51,20,13,4,2019,1557795110323,-14400000,3,'Headache 1');
INSERT INTO table_entries VALUES(485,51,14,13,4,2019,1557773496201,-14400000,3,'Headache 1.25');
INSERT INTO table_entries VALUES(486,0,8,13,4,2019,1557748824405,-14400000,3,'Headache 0.5');
INSERT INTO table_entries VALUES(487,0,8,12,4,2019,1557662440540,-14400000,3,'Headache 1.25');
INSERT INTO table_entries VALUES(488,0,8,11,4,2019,1557576028976,-14400000,3,'Headache 0.5');
INSERT INTO table_entries VALUES(489,35,17,10,4,2019,1557524102197,-14400000,3,'Headache 0.5');
INSERT INTO table_entries VALUES(490,0,10,10,4,2019,1557496827221,-14400000,3,replace('Headache 3\nTook maxalt\nTook toradol','\n',char(10)));
INSERT INTO table_entries VALUES(491,30,8,10,4,2019,1557491400565,-14400000,3,'Headache 1.5');
INSERT INTO table_entries VALUES(492,37,20,9,4,2019,1557448673804,-14400000,3,'Headache 1.25');
INSERT INTO table_entries VALUES(493,0,12,9,4,2019,1557417636360,-14400000,3,'Headache 1.5');
INSERT INTO table_entries VALUES(494,20,8,9,4,2019,1557404419226,-14400000,3,replace('Headache 2.5\nTook maxalt, Tylenol','\n',char(10)));
INSERT INTO table_entries VALUES(495,22,14,8,4,2019,1557339778262,-14400000,3,'Headache 1.3');
INSERT INTO table_entries VALUES(496,0,8,8,4,2019,1557316848195,-14400000,3,'Headache 1');
INSERT INTO table_entries VALUES(497,30,11,7,4,2019,1557243040276,-14400000,3,'Headache 1.2');
INSERT INTO table_entries VALUES(498,0,8,7,4,2019,1557230416975,-14400000,3,'Headache 1.5');
INSERT INTO table_entries VALUES(499,0,20,6,4,2019,1557187220876,-14400000,3,'Headache 1.3');
INSERT INTO table_entries VALUES(500,0,16,5,4,2019,1557086406735,-14400000,3,'Headache 1.75');
INSERT INTO table_entries VALUES(501,0,14,5,4,2019,1557079229188,-14400000,3,'Headache 2');
INSERT INTO table_entries VALUES(502,56,11,5,4,2019,1557071816319,-14400000,3,'Headache 2.5');
INSERT INTO table_entries VALUES(503,30,9,5,4,2019,1557063030002,-14400000,3,replace('Headache 5\nFell asleep while icing head, made it a lot worse','\n',char(10)));
INSERT INTO table_entries VALUES(504,0,8,5,4,2019,1557057606135,-14400000,3,replace('Headache 3\nTook maxalt\nTook Tylenol','\n',char(10)));
INSERT INTO table_entries VALUES(505,0,8,4,4,2019,1556971256546,-14400000,3,'Headache 1.2');
INSERT INTO table_entries VALUES(506,12,14,3,4,2019,1556907137009,-14400000,3,'Headache 1.6');
INSERT INTO table_entries VALUES(507,38,13,3,4,2019,1556905110076,-14400000,3,'Took Excedrin');
INSERT INTO table_entries VALUES(508,7,10,3,4,2019,1556892446937,-14400000,3,'Headache 1.5');
INSERT INTO table_entries VALUES(509,50,19,2,4,2019,1556841036773,-14400000,3,'Headache 1.2');
INSERT INTO table_entries VALUES(510,0,13,2,4,2019,1556816440028,-14400000,3,'Headache 1.7');
INSERT INTO table_entries VALUES(511,41,6,2,4,2019,1556793675056,-14400000,3,'Headache 1.4');
INSERT INTO table_entries VALUES(512,25,21,1,4,2019,1556760316678,-14400000,3,'Headache 1.2');
INSERT INTO table_entries VALUES(513,36,7,1,4,2019,1556710598292,-14400000,3,'Headache 1.35');
INSERT INTO table_entries VALUES(514,51,13,30,3,2019,1556646662833,-14400000,3,'Headache 1.6');
INSERT INTO table_entries VALUES(515,45,6,30,3,2019,1556621101662,-14400000,3,'Headache 1.5');
INSERT INTO table_entries VALUES(516,29,18,29,3,2019,1556576948136,-14400000,3,replace('Headache 1.5\nTook maxalt\nTook Tylenol','\n',char(10)));
INSERT INTO table_entries VALUES(517,30,16,29,3,2019,1556569815526,-14400000,3,'Headache 1.25');
INSERT INTO table_entries VALUES(518,45,6,29,3,2019,1556534759373,-14400000,3,'Headache 0.75');
INSERT INTO table_entries VALUES(519,0,8,28,3,2019,1556452822309,-14400000,3,'Headache 0.75');
INSERT INTO table_entries VALUES(520,0,8,27,3,2019,1556366418118,-14400000,3,'Headache 0.75');
INSERT INTO table_entries VALUES(521,0,8,26,3,2019,1556280018423,-14400000,3,'Headache 1.25');
INSERT INTO table_entries VALUES(522,0,8,25,3,2019,1556193600374,-14400000,3,'Headache 1.25');
INSERT INTO table_entries VALUES(523,0,16,24,3,2019,1556136035664,-14400000,3,'Headache 0.75');
INSERT INTO table_entries VALUES(524,30,12,24,3,2019,1556123434577,-14400000,3,'Headache 1.25');
INSERT INTO table_entries VALUES(525,33,12,23,3,2019,1556037227745,-14400000,3,'Stomach moderate pain for 5 minutes 10 minutes after eating, first near ribcage in middle then on right side a little lower. Had sandwich with light jalapenos and spicy mustard');
INSERT INTO table_entries VALUES(526,34,7,23,3,2019,1556019269373,-14400000,3,'Headache 1.5');
INSERT INTO table_entries VALUES(527,10,9,22,3,2019,1555938650472,-14400000,3,'Headache 1.25');
INSERT INTO table_entries VALUES(528,0,11,21,3,2019,1555858836725,-14400000,3,'Headache 1.25');
INSERT INTO table_entries VALUES(529,0,8,21,3,2019,1555848021240,-14400000,3,'Headache 1.75');
INSERT INTO table_entries VALUES(530,13,15,20,3,2019,1555787634837,-14400000,3,'Headache 1.25');
INSERT INTO table_entries VALUES(531,0,11,19,3,2019,1555686050157,-14400000,3,replace('Headache 1.5\nmoderate Stomach pain for 5 minutes 15 minutes after eating. Ate a burrito','\n',char(10)));
INSERT INTO table_entries VALUES(532,58,21,18,3,2019,1555639084881,-14400000,3,'Headache 1.5');
INSERT INTO table_entries VALUES(533,49,20,18,3,2019,1555634950025,-14400000,3,replace('Took maxalt\nTook Tylenol','\n',char(10)));
INSERT INTO table_entries VALUES(534,30,16,18,3,2019,1555619435847,-14400000,3,'Headache 1.75');
INSERT INTO table_entries VALUES(535,18,10,18,3,2019,1555597121677,-14400000,3,'Stomach moderate pain off and on for 5 minutes, 20 minutes after eating cereal, milk, nuts');
INSERT INTO table_entries VALUES(536,0,8,18,3,2019,1555588855087,-14400000,3,'Headache 0.5');
INSERT INTO table_entries VALUES(537,0,8,17,3,2019,1555502421051,-14400000,3,'Headache 1');
INSERT INTO table_entries VALUES(538,0,17,16,3,2019,1555448445614,-14400000,3,'Minor stomach pain for 2 minutes');
INSERT INTO table_entries VALUES(539,0,17,16,3,2019,1555448400808,-14400000,3,'Headache 1.25');
INSERT INTO table_entries VALUES(540,0,11,16,3,2019,1555426807487,-14400000,3,'Headache 1.5');
INSERT INTO table_entries VALUES(541,0,8,16,3,2019,1555416010535,-14400000,3,'Headache 1.75');
INSERT INTO table_entries VALUES(542,0,8,15,3,2019,1555329614391,-14400000,3,'Headache 0.5');
INSERT INTO table_entries VALUES(543,0,17,14,3,2019,1555275626466,-14400000,3,'Headache 1.5');
INSERT INTO table_entries VALUES(544,37,10,14,3,2019,1555252657239,-14400000,3,'Headache 0.75');
INSERT INTO table_entries VALUES(545,56,8,14,3,2019,1555246564667,-14400000,3,'Headache 1.5');
INSERT INTO table_entries VALUES(546,48,17,13,3,2019,1555192111949,-14400000,3,replace('Headache 1.5\nTook Tylenol','\n',char(10)));
INSERT INTO table_entries VALUES(547,31,16,13,3,2019,1555187504090,-14400000,3,'Headache 0.5');
INSERT INTO table_entries VALUES(548,0,14,13,3,2019,1555178459122,-14400000,3,'Headache 0');
INSERT INTO table_entries VALUES(549,0,13,13,3,2019,1555174833163,-14400000,3,'Momentary moderate stomach pain, had thinkthin protein bar');
INSERT INTO table_entries VALUES(550,58,10,13,3,2019,1555167488577,-14400000,3,'Headache 1');
INSERT INTO table_entries VALUES(551,41,14,12,3,2019,1555094506977,-14400000,3,'Stomach pain minor after eating clif bar, 10-15 seconds');
INSERT INTO table_entries VALUES(552,0,8,12,3,2019,1555070414449,-14400000,3,'Headache 0.5');
INSERT INTO table_entries VALUES(553,8,18,11,3,2019,1555020481017,-14400000,3,'Stomach momentary pain, ate oatmeal');
INSERT INTO table_entries VALUES(554,0,8,11,3,2019,1554984017025,-14400000,3,'Headache 0.5');
INSERT INTO table_entries VALUES(555,0,17,10,3,2019,1554930057651,-14400000,3,'Headache 0.5');
INSERT INTO table_entries VALUES(556,43,10,10,3,2019,1554907390077,-14400000,3,'Headache 1');
INSERT INTO table_entries VALUES(557,28,17,9,3,2019,1554845297948,-14400000,3,'Headache 0.5');
INSERT INTO table_entries VALUES(558,0,14,9,3,2019,1554832852474,-14400000,3,'Headache 1');
INSERT INTO table_entries VALUES(559,0,12,9,3,2019,1554825637211,-14400000,3,'Took Aimovig 140mg');
INSERT INTO table_entries VALUES(560,0,11,9,3,2019,1554822010821,-14400000,3,'Headache 2');
INSERT INTO table_entries VALUES(561,30,9,9,3,2019,1554816643374,-14400000,3,replace('Took caffeine\nTook maxalt\nTook Tylenol','\n',char(10)));
INSERT INTO table_entries VALUES(562,28,9,9,3,2019,1554816522479,-14400000,3,'Headache 2.5');
INSERT INTO table_entries VALUES(563,12,9,9,3,2019,1554815568232,-14400000,3,'Headache 2');
INSERT INTO table_entries VALUES(564,57,19,8,3,2019,1554767863079,-14400000,3,'Headache 2');
INSERT INTO table_entries VALUES(565,31,18,8,3,2019,1554762695399,-14400000,3,'Headache 0.5');
INSERT INTO table_entries VALUES(566,30,12,7,3,2019,1554654612722,-14400000,3,'Headache 1.25');
INSERT INTO table_entries VALUES(567,14,10,7,3,2019,1554646464593,-14400000,3,'Headache 1.75');
INSERT INTO table_entries VALUES(568,45,8,7,3,2019,1554641158027,-14400000,3,replace('Headache 2\nTook maxalt\nTook nsaid \nTook caffeine','\n',char(10)));
INSERT INTO table_entries VALUES(569,0,14,6,3,2019,1554573654769,-14400000,3,'Headache 0.5');
INSERT INTO table_entries VALUES(570,46,9,6,3,2019,1554558419374,-14400000,3,'Headache 1');
INSERT INTO table_entries VALUES(571,17,15,5,3,2019,1554491825164,-14400000,3,replace('Headache 1.5\nStarted Gralise 900mg','\n',char(10)));
INSERT INTO table_entries VALUES(572,30,13,5,3,2019,1554485403853,-14400000,3,replace('Headache 2.5\nTook maxalt\nTook Excedrin','\n',char(10)));
INSERT INTO table_entries VALUES(573,0,9,5,3,2019,1554469213193,-14400000,3,'Headache 1.5');
INSERT INTO table_entries VALUES(574,0,18,4,3,2019,1554415258441,-14400000,3,'Headache 1');
INSERT INTO table_entries VALUES(575,0,12,4,3,2019,1554393620748,-14400000,3,replace('Headache 0\nTook Novocain','\n',char(10)));
INSERT INTO table_entries VALUES(576,40,9,4,3,2019,1554385223330,-14400000,3,'Stomach pain medium, 10 seconds. Had clif bars');
INSERT INTO table_entries VALUES(577,0,8,4,3,2019,1554379259107,-14400000,3,'Headache 1');
INSERT INTO table_entries VALUES(578,0,18,3,3,2019,1554328831594,-14400000,3,'Headache 0.5');
INSERT INTO table_entries VALUES(579,0,14,3,3,2019,1554314446100,-14400000,3,'Headache 1');
INSERT INTO table_entries VALUES(580,0,8,3,3,2019,1554292850162,-14400000,3,'Headache 1.5');
INSERT INTO table_entries VALUES(581,0,8,2,3,2019,1554206403218,-14400000,3,'Headache 0.5');
INSERT INTO table_entries VALUES(582,41,0,2,3,2019,1554180061395,-14400000,3,replace('Stomach pain. Minor, above and below belly button\nAte chicken, vegetables, cheese, tortilla','\n',char(10)));
INSERT INTO table_entries VALUES(583,46,14,1,3,2019,1554144382267,-14400000,3,'Headache 1.25');
INSERT INTO table_entries VALUES(584,3,10,1,3,2019,1554127387917,-14400000,3,'Headache 0.5');
INSERT INTO table_entries VALUES(585,44,19,31,2,2019,1554075865076,-14400000,3,'Headache 1');
INSERT INTO table_entries VALUES(586,0,8,31,2,2019,1554033620661,-14400000,3,'Headache 0.5');
INSERT INTO table_entries VALUES(587,0,8,30,2,2019,1553947224351,-14400000,3,'Headache 1.75');
INSERT INTO table_entries VALUES(588,24,20,29,2,2019,1553905463893,-14400000,3,'Headache 0.5');
INSERT INTO table_entries VALUES(589,30,20,28,2,2019,1553819442128,-14400000,3,'Headache 2');
INSERT INTO table_entries VALUES(590,0,14,28,2,2019,1553796032060,-14400000,3,replace('Headache 2.5\nTook maxalt','\n',char(10)));
INSERT INTO table_entries VALUES(591,38,6,28,2,2019,1553769533835,-14400000,3,'Headache 1');
INSERT INTO table_entries VALUES(592,59,14,27,2,2019,1553713161721,-14400000,3,'Headache 1');
INSERT INTO table_entries VALUES(593,0,17,26,2,2019,1553634007513,-14400000,3,'Headache 1.5');
INSERT INTO table_entries VALUES(594,30,8,26,2,2019,1553603404810,-14400000,3,'Headache 1.75');
INSERT INTO table_entries VALUES(595,46,3,26,2,2019,1553586360933,-14400000,3,'Stomach pain below belly button no food');
INSERT INTO table_entries VALUES(596,7,17,25,2,2019,1553548071250,-14400000,3,'Headache 1.5');
INSERT INTO table_entries VALUES(597,0,11,25,2,2019,1553526030469,-14400000,3,'Headache 2');
INSERT INTO table_entries VALUES(598,0,9,25,2,2019,1553518857808,-14400000,3,'Headache 1.5');
INSERT INTO table_entries VALUES(599,0,16,24,2,2019,1553457618815,-14400000,3,'Headache 2');
INSERT INTO table_entries VALUES(600,0,8,24,2,2019,1553428831031,-14400000,3,'Headache 1.5');
INSERT INTO table_entries VALUES(601,0,21,23,2,2019,1553389222196,-14400000,3,'Headache 1.5');
INSERT INTO table_entries VALUES(602,48,16,23,2,2019,1553374084131,-14400000,3,replace('Headache 2\nTook maxalt, Tylenol, caffeine','\n',char(10)));
INSERT INTO table_entries VALUES(603,0,8,23,2,2019,1553342424229,-14400000,3,'Headache 1');
INSERT INTO table_entries VALUES(604,30,15,22,2,2019,1553283058976,-14400000,3,'Headache 1');
INSERT INTO table_entries VALUES(605,15,13,22,2,2019,1553274941377,-14400000,3,'Headache 1.5');
INSERT INTO table_entries VALUES(606,0,9,22,2,2019,1553259641833,-14400000,3,'Headache 0.5');
INSERT INTO table_entries VALUES(607,0,13,21,2,2019,1553187634596,-14400000,3,'Headache 0.5');
INSERT INTO table_entries VALUES(608,40,8,21,2,2019,1553172030082,-14400000,3,'Headache 1.5');
INSERT INTO table_entries VALUES(609,44,16,20,2,2019,1553114643245,-14400000,3,'Headache 1.5');
INSERT INTO table_entries VALUES(610,0,11,20,2,2019,1553094014838,-14400000,3,'Headache 1');
INSERT INTO table_entries VALUES(611,30,9,20,2,2019,1553088605899,-14400000,3,'Headache 1.5');
INSERT INTO table_entries VALUES(612,39,8,20,2,2019,1553085547589,-14400000,3,'Headache 0');
INSERT INTO table_entries VALUES(613,15,20,19,2,2019,1553040916226,-14400000,3,'Exercise');
INSERT INTO table_entries VALUES(614,0,15,19,2,2019,1553022017689,-14400000,3,'Headache 1');
INSERT INTO table_entries VALUES(615,49,9,19,2,2019,1553003364212,-14400000,3,'Headache 2.2');
INSERT INTO table_entries VALUES(616,23,21,18,2,2019,1552958636385,-14400000,3,'Headache 1.5');
INSERT INTO table_entries VALUES(617,51,0,18,2,2019,1552884685209,-14400000,3,'Headache 2');
INSERT INTO table_entries VALUES(618,30,14,17,2,2019,1552847445162,-14400000,3,'Headache 1.25');
INSERT INTO table_entries VALUES(619,36,13,17,2,2019,1552844188581,-14400000,3,'Headache 1.75');
INSERT INTO table_entries VALUES(620,0,8,17,2,2019,1552824012015,-14400000,3,replace('Headache 3.5\nTook maxalt','\n',char(10)));
INSERT INTO table_entries VALUES(621,0,14,16,2,2019,1552759253740,-14400000,3,'Headache 0.5');
INSERT INTO table_entries VALUES(622,43,11,16,2,2019,1552751031359,-14400000,3,'Headache 1.5');
INSERT INTO table_entries VALUES(623,20,7,16,2,2019,1552735240322,-14400000,3,replace('Headache 2\nTook maxalt','\n',char(10)));
INSERT INTO table_entries VALUES(624,0,19,15,2,2019,1552690834844,-14400000,3,'Headache 0');
INSERT INTO table_entries VALUES(625,47,17,15,2,2019,1552686438984,-14400000,3,'Headache 2');
INSERT INTO table_entries VALUES(626,30,11,15,2,2019,1552663807335,-14400000,3,'Headache 1');
INSERT INTO table_entries VALUES(627,8,10,15,2,2019,1552658915833,-14400000,3,'Headache 2');
INSERT INTO table_entries VALUES(628,0,8,15,2,2019,1552651232932,-14400000,3,'Headache 1');
INSERT INTO table_entries VALUES(629,27,17,14,2,2019,1552598828089,-14400000,3,'Headache 0');
INSERT INTO table_entries VALUES(630,38,11,14,2,2019,1552577926610,-14400000,3,'Headache 1');
INSERT INTO table_entries VALUES(631,16,4,14,2,2019,1552551413412,-14400000,3,'Headache 1');
INSERT INTO table_entries VALUES(632,8,21,13,2,2019,1552525733411,-14400000,3,'Headache 1');
INSERT INTO table_entries VALUES(633,0,9,13,2,2019,1552482008884,-14400000,3,'Headache 2');
INSERT INTO table_entries VALUES(634,6,22,12,2,2019,1552442767328,-14400000,3,'Headache 3');
INSERT INTO table_entries VALUES(635,0,13,12,2,2019,1552410025611,-14400000,3,'Headache 2');
INSERT INTO table_entries VALUES(636,0,8,12,2,2019,1552392044963,-14400000,3,replace('Headache 3\nTook maxalt','\n',char(10)));
INSERT INTO table_entries VALUES(637,30,19,11,2,2019,1552347029890,-14400000,3,'Headache 1');
INSERT INTO table_entries VALUES(638,0,8,11,2,2019,1552305628889,-14400000,3,'Headache 2');
INSERT INTO table_entries VALUES(639,20,3,11,2,2019,1552288854443,-14400000,3,'Headache 0');
INSERT INTO table_entries VALUES(640,45,21,10,2,2019,1552268759291,-14400000,3,'Headache 1');
INSERT INTO table_entries VALUES(641,45,9,10,2,2019,1552225556277,-14400000,3,'Headache 0');
INSERT INTO table_entries VALUES(642,50,4,10,2,2019,1552207800298,-14400000,3,'Headache 2');
INSERT INTO table_entries VALUES(643,0,20,9,2,2019,1552179604215,-18000000,3,replace('Headache 3\nTook maxalt','\n',char(10)));
INSERT INTO table_entries VALUES(644,15,12,9,2,2019,1552151753063,-18000000,3,'Exercise');
INSERT INTO table_entries VALUES(645,0,8,9,2,2019,1552136459776,-18000000,3,replace('Headache 0\nTook Aimovig 70 mg','\n',char(10)));
INSERT INTO table_entries VALUES(646,0,8,8,2,2019,1552050057856,-18000000,3,'Headache 2');
INSERT INTO table_entries VALUES(647,0,17,7,2,2019,1551996018683,-18000000,3,'Headache 1');
INSERT INTO table_entries VALUES(648,11,11,7,2,2019,1551975100162,-18000000,3,replace('Headache 2\nStomach pain. Ate 2 "balance" yogurt protein bars','\n',char(10)));
INSERT INTO table_entries VALUES(649,0,8,7,2,2019,1551963629447,-18000000,3,'Headache 1');
INSERT INTO table_entries VALUES(650,24,11,6,2,2019,1551889476479,-18000000,3,'Headache 2');
INSERT INTO table_entries VALUES(651,58,6,6,2,2019,1551873493587,-18000000,3,'Headache 1');
INSERT INTO table_entries VALUES(652,0,19,5,2,2019,1551830411938,-18000000,3,'Headache 2');
INSERT INTO table_entries VALUES(653,54,9,5,2,2019,1551797680624,-18000000,3,'Headache 3');
INSERT INTO table_entries VALUES(654,15,6,5,2,2019,1551784522119,-18000000,3,'Headache 2');
INSERT INTO table_entries VALUES(655,1,19,4,2,2019,1551744065778,-18000000,3,replace('Headache 3\nTook maxalt','\n',char(10)));
INSERT INTO table_entries VALUES(656,30,14,4,2,2019,1551727803869,-18000000,3,'Headache 2');
INSERT INTO table_entries VALUES(657,19,13,4,2,2019,1551723597625,-18000000,3,'Headache 1');
INSERT INTO table_entries VALUES(658,30,8,4,2,2019,1551706252716,-18000000,3,'Headache 2');
INSERT INTO table_entries VALUES(659,11,18,3,2,2019,1551654661643,-18000000,3,replace('Headache 1\nPain below belly button. Ate 1 hour ago','\n',char(10)));
INSERT INTO table_entries VALUES(660,45,17,3,2,2019,1551653150474,-18000000,3,'Headache 2');
INSERT INTO table_entries VALUES(661,51,14,3,2,2019,1551642714354,-18000000,3,'Headache 0');
INSERT INTO table_entries VALUES(662,0,12,3,2,2019,1551632441687,-18000000,3,'Headache 1');
INSERT INTO table_entries VALUES(663,22,10,3,2,2019,1551626562170,-18000000,3,'Stomach pain above belly button. No food');
INSERT INTO table_entries VALUES(664,5,10,3,2,2019,1551625544162,-18000000,3,'Headache 2');
INSERT INTO table_entries VALUES(665,11,9,3,2,2019,1551622319985,-18000000,3,'Headache 1');
INSERT INTO table_entries VALUES(666,55,22,2,2,2019,1551585303127,-18000000,3,'Headache 2');
INSERT INTO table_entries VALUES(667,46,20,2,2,2019,1551577612318,-18000000,3,'Headache 1');
INSERT INTO table_entries VALUES(668,57,19,2,2,2019,1551574670349,-18000000,3,'Headache 2');
INSERT INTO table_entries VALUES(669,35,18,2,2,2019,1551569740335,-18000000,3,'Headache 0');
INSERT INTO table_entries VALUES(670,21,15,2,2,2019,1551558112640,-18000000,3,'Stomach pain below belly button. Ate sandwich, coleslaw, protein bar');
INSERT INTO table_entries VALUES(671,10,14,2,2,2019,1551553803904,-18000000,3,'Headache 1');
INSERT INTO table_entries VALUES(672,46,10,2,2,2019,1551541590080,-18000000,3,'Headache 2');
INSERT INTO table_entries VALUES(673,42,8,2,2,2019,1551534137392,-18000000,3,'Headache 1');
INSERT INTO table_entries VALUES(674,30,19,1,2,2019,1551486655188,-18000000,3,'Headache 0');
INSERT INTO table_entries VALUES(675,0,15,1,2,2019,1551470448007,-18000000,3,'Headache 1');
INSERT INTO table_entries VALUES(676,26,10,1,2,2019,1551453981000,-18000000,3,'Stomach hurt above belly button. Ate balance yogurt honey peanut bar immediately, metamucil 20 minutes ago');
INSERT INTO table_entries VALUES(677,41,8,1,2,2019,1551447674604,-18000000,3,'Headache 0');
INSERT INTO table_entries VALUES(678,27,9,28,1,2019,1551364037068,-18000000,3,'Headache 0');
INSERT INTO table_entries VALUES(679,0,18,27,1,2019,1551308449696,-18000000,3,'Headache 1');
INSERT INTO table_entries VALUES(680,26,14,27,1,2019,1551295562481,-18000000,3,'Headache 2');
INSERT INTO table_entries VALUES(681,15,11,27,1,2019,1551284159509,-18000000,3,'Headache 1');
INSERT INTO table_entries VALUES(682,50,8,27,1,2019,1551275409315,-18000000,3,replace('Headache 4\nTook maxalt, Tylenol','\n',char(10)));
INSERT INTO table_entries VALUES(683,12,0,27,1,2019,1551244372163,-18000000,3,'Headache 2');
INSERT INTO table_entries VALUES(684,0,19,26,1,2019,1551225636594,-18000000,3,'Headache 1');
INSERT INTO table_entries VALUES(685,48,16,26,1,2019,1551217691757,-18000000,3,'Headache 2');
INSERT INTO table_entries VALUES(686,48,10,26,1,2019,1551196131019,-18000000,3,'Stomach hurts above belly button');
INSERT INTO table_entries VALUES(687,9,10,26,1,2019,1551193757223,-18000000,3,'Headache 1');
INSERT INTO table_entries VALUES(688,0,23,25,1,2019,1551153604543,-18000000,3,'Headache 0');
INSERT INTO table_entries VALUES(689,25,21,25,1,2019,1551147937992,-18000000,3,'Headache 1');
INSERT INTO table_entries VALUES(690,0,17,25,1,2019,1551132044364,-18000000,3,'Headache 0');
INSERT INTO table_entries VALUES(691,3,16,25,1,2019,1551128600108,-18000000,3,replace('Headache 1\nStarted magnesium oxide 400mg\nStarted riboflavin 400mg','\n',char(10)));
INSERT INTO table_entries VALUES(692,19,13,25,1,2019,1551118761793,-18000000,3,'Headache 2');
INSERT INTO table_entries VALUES(693,0,8,25,1,2019,1551099652761,-18000000,3,replace('Headache 3\nTook maxalt, Tylenol, caffeine','\n',char(10)));
INSERT INTO table_entries VALUES(694,11,8,24,1,2019,1551013870898,-18000000,3,'Headache 1');
INSERT INTO table_entries VALUES(695,30,3,24,1,2019,1550997056713,-18000000,3,'Stomach hurts above belly button after eating');
INSERT INTO table_entries VALUES(696,0,23,23,1,2019,1550980832760,-18000000,3,'Headache 1');
INSERT INTO table_entries VALUES(697,0,15,23,1,2019,1550952054480,-18000000,3,replace('Headache 3\nTook maxalt, Tylenol, caffeine','\n',char(10)));
INSERT INTO table_entries VALUES(698,14,13,23,1,2019,1550945641151,-18000000,3,'Headache 2');
INSERT INTO table_entries VALUES(699,53,9,23,1,2019,1550933598676,-18000000,3,'Headache 1');
INSERT INTO table_entries VALUES(700,0,18,22,1,2019,1550876403680,-18000000,3,'Headache 1');
INSERT INTO table_entries VALUES(701,52,9,22,1,2019,1550847173647,-18000000,3,'Headache 2');
INSERT INTO table_entries VALUES(702,1,14,21,1,2019,1550775670507,-18000000,3,'Headache 2');
INSERT INTO table_entries VALUES(703,44,9,21,1,2019,1550760274740,-18000000,3,replace('Headache 3\nTook maxalt, Tylenol','\n',char(10)));
INSERT INTO table_entries VALUES(704,48,14,20,1,2019,1550692125470,-18000000,3,'Headache 1');
INSERT INTO table_entries VALUES(705,55,9,20,1,2019,1550674509435,-18000000,3,'Headache 2');
INSERT INTO table_entries VALUES(706,0,10,19,1,2019,1550588436061,-18000000,3,'Headache 1');
INSERT INTO table_entries VALUES(707,0,21,18,1,2019,1550541659245,-18000000,3,replace('Headache 1\nExercise','\n',char(10)));
INSERT INTO table_entries VALUES(708,44,12,18,1,2019,1550511888524,-18000000,3,replace('Stomach pain above belly button\nAte 0.5 hours ago','\n',char(10)));
INSERT INTO table_entries VALUES(709,17,10,18,1,2019,1550503029043,-18000000,3,'Headache 2');
INSERT INTO table_entries VALUES(710,46,9,17,1,2019,1550414804335,-18000000,3,'Headache 2');
INSERT INTO table_entries VALUES(711,0,19,16,1,2019,1550361629754,-18000000,3,'Headache 2');
INSERT INTO table_entries VALUES(712,0,15,16,1,2019,1550347247204,-18000000,3,replace('Headache 3\nTook maxalt','\n',char(10)));
INSERT INTO table_entries VALUES(713,25,9,16,1,2019,1550327158700,-18000000,3,'Headache 2');
INSERT INTO table_entries VALUES(714,47,9,15,1,2019,1550242067398,-18000000,3,'Headache 1');
INSERT INTO table_entries VALUES(715,0,21,14,1,2019,1550196050193,-18000000,3,'Headache 1');
INSERT INTO table_entries VALUES(716,36,16,14,1,2019,1550180208668,-18000000,3,'Headache 2');
INSERT INTO table_entries VALUES(717,0,12,14,1,2019,1550163615765,-18000000,3,'Headache 0');
INSERT INTO table_entries VALUES(718,4,10,14,1,2019,1550156698185,-18000000,3,'Headache 2');
INSERT INTO table_entries VALUES(719,1,8,13,1,2019,1550062911277,-18000000,3,'Headache 2');
INSERT INTO table_entries VALUES(720,25,14,12,1,2019,1549999555947,-18000000,3,'Headache 2');
INSERT INTO table_entries VALUES(721,0,8,12,1,2019,1549976439727,-18000000,3,'Headache 1');
INSERT INTO table_entries VALUES(722,8,17,11,1,2019,1549922909039,-18000000,3,'Headache 0');
INSERT INTO table_entries VALUES(723,27,16,11,1,2019,1549920442603,-18000000,3,'Headache 1');
INSERT INTO table_entries VALUES(724,32,13,11,1,2019,1549909979100,-18000000,3,'Headache 0');
INSERT INTO table_entries VALUES(725,35,11,11,1,2019,1549902919657,-18000000,3,'Headache 1');
INSERT INTO table_entries VALUES(726,44,8,11,1,2019,1549892645218,-18000000,3,replace('Headache 2\nLost 1 hour','\n',char(10)));
INSERT INTO table_entries VALUES(727,47,18,10,1,2019,1549842423276,-18000000,3,replace('Headache 3\nTook maxalt\nLost 5 hours','\n',char(10)));
INSERT INTO table_entries VALUES(728,0,9,10,1,2019,1549807218176,-18000000,3,'Headache 0');
INSERT INTO table_entries VALUES(729,46,21,9,1,2019,1549766818533,-18000000,3,'Headache 3');
INSERT INTO table_entries VALUES(730,57,13,9,1,2019,1549738628075,-18000000,3,'Headache 1');
INSERT INTO table_entries VALUES(731,13,11,8,1,2019,1549642436663,-18000000,3,'Headache 0');
INSERT INTO table_entries VALUES(732,51,12,7,1,2019,1549561895541,-18000000,3,'Headache 1');
INSERT INTO table_entries VALUES(733,22,9,7,1,2019,1549549366332,-18000000,3,'Headache 0');
INSERT INTO table_entries VALUES(734,20,3,7,1,2019,1549527651393,-18000000,3,'Headache 0');
INSERT INTO table_entries VALUES(735,46,11,6,1,2019,1549471569518,-18000000,3,'Headache 2');
INSERT INTO table_entries VALUES(736,0,8,6,1,2019,1549458054009,-18000000,3,replace('Headache 1\nNeck pain 0\nStarted Aimovig 140mg','\n',char(10)));
INSERT INTO table_entries VALUES(737,58,15,5,1,2019,1549400332902,-18000000,3,replace('Headache 2\nNeck pain 1','\n',char(10)));
INSERT INTO table_entries VALUES(738,14,18,4,1,2019,1549322097090,-18000000,3,'Headache 1');
INSERT INTO table_entries VALUES(739,34,13,4,1,2019,1549305281971,-18000000,3,replace('Headache 3 \ntook maxalt','\n',char(10)));
INSERT INTO table_entries VALUES(740,17,10,4,1,2019,1549293423459,-18000000,3,'Headache 1');
INSERT INTO table_entries VALUES(741,15,13,3,1,2019,1549217749136,-18000000,3,'Headache 2');
INSERT INTO table_entries VALUES(742,12,10,3,1,2019,1549206745536,-18000000,3,replace('Headache 3\nTook maxalt','\n',char(10)));
INSERT INTO table_entries VALUES(743,0,9,2,1,2019,1549116023684,-18000000,3,'Headache 1');
INSERT INTO table_entries VALUES(744,38,17,1,1,2019,1549060730999,-18000000,3,replace('Headache 2\nTook maxalt','\n',char(10)));
INSERT INTO table_entries VALUES(745,49,10,1,1,2019,1549036191301,-18000000,3,'Headache 0');
INSERT INTO table_entries VALUES(746,12,21,31,0,2019,1548987159796,-18000000,3,'Headache 1');
INSERT INTO table_entries VALUES(747,55,2,31,0,2019,1548921342610,-18000000,3,'Headache 2');
INSERT INTO table_entries VALUES(748,17,17,30,0,2019,1548886655189,-18000000,3,'Headache 3');
INSERT INTO table_entries VALUES(749,15,12,30,0,2019,1548868541382,-18000000,3,'Headache 1');
INSERT INTO table_entries VALUES(750,16,0,29,0,2019,1548739019646,-18000000,3,'Headache 0');
INSERT INTO table_entries VALUES(751,43,11,28,0,2019,1548693811427,-18000000,3,replace('Headache 1\nDid yoga','\n',char(10)));
INSERT INTO table_entries VALUES(752,7,21,27,0,2019,1548641260838,-18000000,3,'Headache 3');
INSERT INTO table_entries VALUES(753,9,19,27,0,2019,1548634192401,-18000000,3,replace('Headache 2\nTook maxalt','\n',char(10)));
INSERT INTO table_entries VALUES(754,24,9,27,0,2019,1548599090927,-18000000,3,replace('Headache 1\nNeck pain 0','\n',char(10)));
INSERT INTO table_entries VALUES(755,0,0,27,0,2019,1548565230511,-18000000,3,'Took maxalt');
INSERT INTO table_entries VALUES(756,57,20,26,0,2019,1548554272412,-18000000,3,'Neck pain 1');
INSERT INTO table_entries VALUES(757,59,18,26,0,2019,1548547198004,-18000000,3,'Headache 2');
INSERT INTO table_entries VALUES(758,59,18,25,0,2019,1548460766142,-18000000,3,'Headache 1');
INSERT INTO table_entries VALUES(759,23,14,25,0,2019,1548444192767,-18000000,3,replace('Headache 2\nTook maxalt','\n',char(10)));
INSERT INTO table_entries VALUES(760,30,18,24,0,2019,1548372618207,-18000000,3,'Exercise');
INSERT INTO table_entries VALUES(761,23,9,24,0,2019,1548339781470,-18000000,3,'Headache 1');
INSERT INTO table_entries VALUES(762,35,0,24,0,2019,1548308114700,-18000000,3,'Headache 0');
INSERT INTO table_entries VALUES(763,16,10,23,0,2019,1548256594628,-18000000,3,'Headache 2');
INSERT INTO table_entries VALUES(764,19,18,22,0,2019,1548199190955,-18000000,3,'Headache 2');
INSERT INTO table_entries VALUES(765,35,12,22,0,2019,1548178529019,-18000000,3,'Headache 1');
INSERT INTO table_entries VALUES(766,55,19,21,0,2019,1548118531159,-18000000,3,replace('Headache 1\nNeck pain 0','\n',char(10)));
INSERT INTO table_entries VALUES(767,54,16,21,0,2019,1548107680276,-18000000,3,replace('Headache 2\nNeck pain 1\nTook maxalt, Tylenol','\n',char(10)));
INSERT INTO table_entries VALUES(768,34,8,21,0,2019,1548077698459,-18000000,3,'Headache 1');
INSERT INTO table_entries VALUES(769,0,23,20,0,2019,1548043232060,-18000000,3,'Headache 1');
INSERT INTO table_entries VALUES(770,0,15,20,0,2019,1548014451363,-18000000,3,replace('Headache 2\nTook maxalt, Tylenol','\n',char(10)));
INSERT INTO table_entries VALUES(771,33,8,20,0,2019,1547991201260,-18000000,3,replace('Headache 3\nTook maxalt, Tylenol','\n',char(10)));
INSERT INTO table_entries VALUES(772,50,8,19,0,2019,1547905838567,-18000000,3,'Headache 1');
INSERT INTO table_entries VALUES(773,50,20,18,0,2019,1547862620410,-18000000,3,'Headache 1');
INSERT INTO table_entries VALUES(774,0,15,18,0,2019,1547841657935,-18000000,3,replace('Headache 2\nTook maxalt, Tylenol','\n',char(10)));
INSERT INTO table_entries VALUES(775,49,8,18,0,2019,1547819384787,-18000000,3,'Headache 1');
INSERT INTO table_entries VALUES(776,5,10,17,0,2019,1547737558649,-18000000,3,'Headache 1');
INSERT INTO table_entries VALUES(777,55,23,16,0,2019,1547700910095,-18000000,3,'Took maxalt');
INSERT INTO table_entries VALUES(778,4,15,16,0,2019,1547669093845,-18000000,3,'Took maxalt');
INSERT INTO table_entries VALUES(779,4,10,16,0,2019,1547651074420,-18000000,3,'Headache 2');
INSERT INTO table_entries VALUES(780,4,10,15,0,2019,1547564664485,-18000000,3,'Headache 1');
INSERT INTO table_entries VALUES(781,4,10,14,0,2019,1547478253777,-18000000,3,'Headache 1');
INSERT INTO table_entries VALUES(782,31,11,13,0,2019,1547397060731,-18000000,3,'Headache 2');
INSERT INTO table_entries VALUES(783,30,11,12,0,2019,1547310638532,-18000000,3,replace('Headache 3\nTook maxalt','\n',char(10)));
INSERT INTO table_entries VALUES(784,33,18,11,0,2019,1547249611912,-18000000,3,'Headache 1');
INSERT INTO table_entries VALUES(785,12,21,10,0,2019,1547172770487,-18000000,3,'Headache 1');
INSERT INTO table_entries VALUES(786,37,10,9,0,2019,1547048254443,-18000000,3,'Headache 1');
INSERT INTO table_entries VALUES(787,37,10,8,0,2019,1546961841163,-18000000,3,'Headache 1');
INSERT INTO table_entries VALUES(788,38,9,7,0,2019,1546871913577,-18000000,3,'Headache 1');
INSERT INTO table_entries VALUES(789,26,16,6,0,2019,1546809962454,-18000000,3,replace('Headache 3\nTook maxalt','\n',char(10)));
INSERT INTO table_entries VALUES(790,13,0,5,0,2019,1546665235810,-18000000,3,replace('Headache 0\nTook aimovig','\n',char(10)));
INSERT INTO table_entries VALUES(791,12,13,4,0,2019,1546625523101,-18000000,3,'Headache 0');
INSERT INTO table_entries VALUES(792,25,10,3,0,2019,1546529145240,-18000000,3,'Headache 1');
INSERT INTO table_entries VALUES(793,1,8,2,0,2019,1546434088451,-18000000,3,'Headache 1');
INSERT INTO table_entries VALUES(794,1,8,1,0,2019,1546347682117,-18000000,3,'Headache 1');
INSERT INTO table_entries VALUES(795,0,8,31,11,2018,1546261251765,-18000000,3,'Headache 2');
INSERT INTO table_entries VALUES(796,21,10,30,11,2018,1546183272749,-18000000,3,replace('Headache 2\nMissed gabapentin','\n',char(10)));
INSERT INTO table_entries VALUES(797,24,19,29,11,2018,1546129481367,-18000000,3,replace('Headache 2\nTook maxalt','\n',char(10)));
INSERT INTO table_entries VALUES(798,53,9,29,11,2018,1546095187474,-18000000,3,'Headache 1');
INSERT INTO table_entries VALUES(799,40,8,28,11,2018,1546004442935,-18000000,3,'Headache 1');
INSERT INTO table_entries VALUES(800,14,9,27,11,2018,1545920058796,-18000000,3,'Headache 1');
INSERT INTO table_entries VALUES(801,12,13,26,11,2018,1545847964343,-18000000,3,'Headache 2');
INSERT INTO table_entries VALUES(802,0,8,26,11,2018,1545829251386,-18000000,3,'Headache 1');
INSERT INTO table_entries VALUES(803,0,13,25,11,2018,1545760815260,-18000000,3,replace('Headache 2\nTook maxalt','\n',char(10)));
INSERT INTO table_entries VALUES(804,0,13,24,11,2018,1545674403012,-18000000,3,'Headache 2');
INSERT INTO table_entries VALUES(805,20,19,23,11,2018,1545610801412,-18000000,3,'Took maxalt');
INSERT INTO table_entries VALUES(806,20,17,23,11,2018,1545603624048,-18000000,3,'Headache 3');
INSERT INTO table_entries VALUES(807,20,9,23,11,2018,1545574844133,-18000000,3,'Headache 2');
INSERT INTO table_entries VALUES(808,52,13,22,11,2018,1545504728272,-18000000,3,'Headache 2');
INSERT INTO table_entries VALUES(809,33,9,22,11,2018,1545489194034,-18000000,3,replace('Headache 3\nTook maxalt, Tylenol','\n',char(10)));
INSERT INTO table_entries VALUES(810,8,7,22,11,2018,1545480495410,-18000000,3,'Headache 2');
INSERT INTO table_entries VALUES(811,38,15,21,11,2018,1545424686505,-18000000,3,'Headache 2');
INSERT INTO table_entries VALUES(812,37,9,20,11,2018,1545316632144,-18000000,3,replace('Headache 2\nTook maxalt','\n',char(10)));
INSERT INTO table_entries VALUES(813,0,14,19,11,2018,1545246045410,-18000000,3,'Headache 1');
INSERT INTO table_entries VALUES(814,40,10,19,11,2018,1545234030373,-18000000,3,'Headache 2');
INSERT INTO table_entries VALUES(815,51,14,18,11,2018,1545162717177,-18000000,3,'Headache 2');
INSERT INTO table_entries VALUES(816,0,8,18,11,2018,1545138037570,-18000000,3,'Headache 1');
INSERT INTO table_entries VALUES(817,49,18,17,11,2018,1545090577092,-18000000,3,'Headache 1');
INSERT INTO table_entries VALUES(818,58,20,16,11,2018,1545011926452,-18000000,3,replace('Headache 3\nTook maxalt','\n',char(10)));
INSERT INTO table_entries VALUES(819,30,14,16,11,2018,1544988655828,-18000000,3,'Exercise');
INSERT INTO table_entries VALUES(820,2,9,16,11,2018,1544968926771,-18000000,3,'Headache 2');
INSERT INTO table_entries VALUES(821,0,15,15,11,2018,1544904005056,-18000000,3,replace('Headache 2\nTook maxalt','\n',char(10)));
INSERT INTO table_entries VALUES(822,0,8,15,11,2018,1544878818738,-18000000,3,'Headache 1');
INSERT INTO table_entries VALUES(823,39,10,14,11,2018,1544801986814,-18000000,3,'Headache 2');
INSERT INTO table_entries VALUES(824,8,17,13,11,2018,1544738902929,-18000000,3,replace('Headache 1\nNeck pain 0','\n',char(10)));
INSERT INTO table_entries VALUES(825,30,15,13,11,2018,1544733012901,-18000000,3,'Took maxalt');
INSERT INTO table_entries VALUES(826,10,13,13,11,2018,1544724638688,-18000000,3,replace('Headache 2\nNeck pain 1','\n',char(10)));
INSERT INTO table_entries VALUES(827,7,10,13,11,2018,1544713626662,-18000000,3,'Headache 1');
INSERT INTO table_entries VALUES(828,2,19,12,11,2018,1544659339670,-18000000,3,'Headache 1');
INSERT INTO table_entries VALUES(829,2,19,11,11,2018,1544572947642,-18000000,3,'Headache 1');
INSERT INTO table_entries VALUES(830,9,10,10,11,2018,1544454592541,-18000000,3,'Headache 2');
INSERT INTO table_entries VALUES(831,0,21,9,11,2018,1544407201438,-18000000,3,'Headache 1');
INSERT INTO table_entries VALUES(832,0,16,9,11,2018,1544389240943,-18000000,3,'Headache 2');
INSERT INTO table_entries VALUES(833,53,8,9,11,2018,1544363612785,-18000000,3,'Headache 3');
INSERT INTO table_entries VALUES(834,0,17,8,11,2018,1544306416959,-18000000,3,'Headache 2');
INSERT INTO table_entries VALUES(835,2,11,8,11,2018,1544284941119,-18000000,3,'Headache 1');
INSERT INTO table_entries VALUES(836,2,17,7,11,2018,1544220122555,-18000000,3,'Headache 1');
INSERT INTO table_entries VALUES(837,0,14,7,11,2018,1544209245678,-18000000,3,'Headache 2');
INSERT INTO table_entries VALUES(838,1,11,7,11,2018,1544198495834,-18000000,3,'Headache 1');
INSERT INTO table_entries VALUES(839,30,19,6,11,2018,1544142653662,-18000000,3,replace('Started Gralise 600mg\nHeadache 1','\n',char(10)));
INSERT INTO table_entries VALUES(840,28,14,5,11,2018,1544038127764,-18000000,3,'Headache 1');
INSERT INTO table_entries VALUES(841,0,13,5,11,2018,1544032820282,-18000000,3,'Ate chicken, string beans, lasagna');
INSERT INTO table_entries VALUES(842,30,10,5,11,2018,1544023857248,-18000000,3,'Ate Clif bar, muesli');
INSERT INTO table_entries VALUES(843,30,9,5,11,2018,1544020226903,-18000000,3,'Took aimovig');
INSERT INTO table_entries VALUES(844,27,7,5,11,2018,1544012860373,-18000000,3,'Headache 2');
INSERT INTO table_entries VALUES(845,41,19,4,11,2018,1543970484219,-18000000,3,'Ate chicken, pasta sauce');
INSERT INTO table_entries VALUES(846,0,12,4,11,2018,1543942801574,-18000000,3,'Ate chicken salad sandwich');
INSERT INTO table_entries VALUES(847,39,8,4,11,2018,1543930761067,-18000000,3,'Headache 2');
INSERT INTO table_entries VALUES(848,30,8,4,11,2018,1543930214406,-18000000,3,'Ate oats, fruit, Clif bar');
INSERT INTO table_entries VALUES(849,38,19,3,11,2018,1543883890958,-18000000,3,'Ate Indian food');
INSERT INTO table_entries VALUES(850,0,14,3,11,2018,1543863612557,-18000000,3,replace('Took Tylenol, caffeine\nAte burrito, tortilla chips','\n',char(10)));
INSERT INTO table_entries VALUES(851,51,13,3,11,2018,1543863083430,-18000000,3,'Headache 2');
INSERT INTO table_entries VALUES(852,30,8,3,11,2018,1543843836195,-18000000,3,'Ate oats, fruit, Clif bar');
INSERT INTO table_entries VALUES(853,25,10,2,11,2018,1543764328130,-18000000,3,'Headache 2');
INSERT INTO table_entries VALUES(854,0,8,2,11,2018,1543755605602,-18000000,3,replace('Headache 3\nTook maxalt','\n',char(10)));
INSERT INTO table_entries VALUES(855,0,23,1,11,2018,1543723247656,-18000000,3,'Headache 2');
INSERT INTO table_entries VALUES(856,0,9,1,11,2018,1543672828868,-18000000,3,'Headache 1');
INSERT INTO table_entries VALUES(857,25,10,30,10,2018,1543591556240,-18000000,3,'Headache 1');
INSERT INTO table_entries VALUES(858,46,23,29,10,2018,1543553208172,-18000000,3,'Headache 1');
INSERT INTO table_entries VALUES(859,50,16,29,10,2018,1543528252369,-18000000,3,replace('Headache 2\nNeck pain 0\nTook maxalt','\n',char(10)));
INSERT INTO table_entries VALUES(860,44,16,29,10,2018,1543527843737,-18000000,3,'Neck pain 1');
INSERT INTO table_entries VALUES(861,25,13,29,10,2018,1543515924236,-18000000,3,'Headache 2');
INSERT INTO table_entries VALUES(862,41,10,29,10,2018,1543506079428,-18000000,3,'Headache 1');
INSERT INTO table_entries VALUES(863,19,10,28,10,2018,1543418390100,-18000000,3,replace('Headache 0\nNeck pain 0','\n',char(10)));
INSERT INTO table_entries VALUES(864,24,9,28,10,2018,1543415096104,-18000000,3,'Neck pain 1');
INSERT INTO table_entries VALUES(865,54,8,28,10,2018,1543413276733,-18000000,3,'Headache 1');
INSERT INTO table_entries VALUES(866,30,16,27,10,2018,1543354256387,-18000000,3,'Headache 1');
INSERT INTO table_entries VALUES(867,35,18,26,10,2018,1543275347775,-18000000,3,'Headache 1');
INSERT INTO table_entries VALUES(868,55,15,26,10,2018,1543265716853,-18000000,3,'Headache 2');
INSERT INTO table_entries VALUES(869,16,10,26,10,2018,1543245418496,-18000000,3,replace('Headache 1\nNeck pain 0','\n',char(10)));
INSERT INTO table_entries VALUES(870,58,19,25,10,2018,1543193880335,-18000000,3,'Headache 2');
INSERT INTO table_entries VALUES(871,57,7,25,10,2018,1543150642990,-18000000,3,replace('Headache 1\nNeck pain 0','\n',char(10)));
INSERT INTO table_entries VALUES(872,40,16,24,10,2018,1543095619717,-18000000,3,replace('Headache 3\nNeck pain 1\nTook maxalt, Tylenol','\n',char(10)));
INSERT INTO table_entries VALUES(873,40,8,24,10,2018,1543066804778,-18000000,3,'Headache 1');
INSERT INTO table_entries VALUES(874,30,7,23,10,2018,1542976208821,-18000000,3,replace('Headache 1\nNeck pain 0','\n',char(10)));
INSERT INTO table_entries VALUES(875,26,20,22,10,2018,1542936378777,-18000000,3,replace('Headache 3\nNeck pain 3\nTook maxalt, Baclofen','\n',char(10)));
INSERT INTO table_entries VALUES(876,23,8,22,10,2018,1542893018943,-18000000,3,'Headache 2');
INSERT INTO table_entries VALUES(877,0,6,21,10,2018,1542798002697,-18000000,3,'Headache 1');
INSERT INTO table_entries VALUES(878,25,10,20,10,2018,1542727547005,-18000000,3,replace('Headache 1\nNeck pain 0','\n',char(10)));
INSERT INTO table_entries VALUES(879,28,20,19,10,2018,1542677316920,-18000000,3,'Headache 1');
INSERT INTO table_entries VALUES(880,46,13,19,10,2018,1542653185731,-18000000,3,'Headache 2');
INSERT INTO table_entries VALUES(881,4,9,19,10,2018,1542636295468,-18000000,3,replace('Headache 1\nNeck pain 0','\n',char(10)));
INSERT INTO table_entries VALUES(882,50,20,18,10,2018,1542592221246,-18000000,3,'Neck pain 2');
INSERT INTO table_entries VALUES(883,30,19,18,10,2018,1542587405416,-18000000,3,replace('Neck pain 3\nTook maxalt','\n',char(10)));
INSERT INTO table_entries VALUES(884,58,18,18,10,2018,1542585502299,-18000000,3,'Headache 3');
INSERT INTO table_entries VALUES(885,2,17,18,10,2018,1542578540109,-18000000,3,'Headache 2');
INSERT INTO table_entries VALUES(886,30,8,18,10,2018,1542547809737,-18000000,3,'Headache 1');
INSERT INTO table_entries VALUES(887,23,18,17,10,2018,1542497010313,-18000000,3,'Headache 2');
INSERT INTO table_entries VALUES(888,30,15,17,10,2018,1542486611951,-18000000,3,'Headache 1');
INSERT INTO table_entries VALUES(889,34,14,17,10,2018,1542483240489,-18000000,3,'Headache 2');
INSERT INTO table_entries VALUES(890,30,7,17,10,2018,1542457847460,-18000000,3,'Headache 1');
INSERT INTO table_entries VALUES(891,16,21,16,10,2018,1542420992155,-18000000,3,'Headache 1');
INSERT INTO table_entries VALUES(892,6,11,16,10,2018,1542384369072,-18000000,3,'Headache 2');
INSERT INTO table_entries VALUES(893,1,21,15,10,2018,1542333715747,-18000000,3,'Exercise');
INSERT INTO table_entries VALUES(894,0,10,15,10,2018,1542294046698,-18000000,3,replace('Headache 1\nNeck pain 0','\n',char(10)));
INSERT INTO table_entries VALUES(895,24,15,14,10,2018,1542227092503,-18000000,3,'Neck pain 1');
INSERT INTO table_entries VALUES(896,59,12,14,10,2018,1542218361297,-18000000,3,'Headache 1');
INSERT INTO table_entries VALUES(897,5,10,14,10,2018,1542207936990,-18000000,3,replace('Headache 2\nNeck pain 0\nStretched neck','\n',char(10)));
INSERT INTO table_entries VALUES(898,12,21,13,10,2018,1542161559750,-18000000,3,replace('Headache 3\nNeck pain 1','\n',char(10)));
INSERT INTO table_entries VALUES(899,11,20,13,10,2018,1542157883793,-18000000,3,'Headache 2');
INSERT INTO table_entries VALUES(900,0,18,13,10,2018,1542150002931,-18000000,3,'Ice');
INSERT INTO table_entries VALUES(901,50,15,13,10,2018,1542142208786,-18000000,3,'Neck pain 2');
INSERT INTO table_entries VALUES(902,54,14,13,10,2018,1542138855016,-18000000,3,'Took maxalt');
INSERT INTO table_entries VALUES(903,35,14,13,10,2018,1542137714371,-18000000,3,'Headache 3');
INSERT INTO table_entries VALUES(904,58,10,13,10,2018,1542124732295,-18000000,3,'Neck pain 1');
INSERT INTO table_entries VALUES(905,30,7,13,10,2018,1542112207191,-18000000,3,'Headache 2');
INSERT INTO table_entries VALUES(906,46,1,13,10,2018,1542091564762,-18000000,3,'');
INSERT INTO table_entries VALUES(907,2,21,12,10,2018,1542074526576,-18000000,3,'Exercise');
INSERT INTO table_entries VALUES(908,24,16,12,10,2018,1542057887519,-18000000,3,'Headache 1');
INSERT INTO table_entries VALUES(909,51,11,12,10,2018,1542041496591,-18000000,3,'Took maxalt');
INSERT INTO table_entries VALUES(910,29,11,12,10,2018,1542040190665,-18000000,3,'Headache 2');
INSERT INTO table_entries VALUES(911,45,22,11,10,2018,1541994342568,-18000000,3,'Headache 1');
INSERT INTO table_entries VALUES(912,0,17,11,10,2018,1541973656761,-18000000,3,replace('Headache 2\nTook maxalt','\n',char(10)));
INSERT INTO table_entries VALUES(913,40,15,11,10,2018,1541968856480,-18000000,3,'Headache 1');
INSERT INTO table_entries VALUES(914,49,7,11,10,2018,1541940576907,-18000000,3,'Headache 0');
INSERT INTO table_entries VALUES(915,47,20,10,10,2018,1541900836198,-18000000,3,replace('Headache 3\nTook maxalt, Tylenol','\n',char(10)));
INSERT INTO table_entries VALUES(916,0,9,10,10,2018,1541858400738,-18000000,3,'Headache 1');
INSERT INTO table_entries VALUES(917,0,22,9,10,2018,1541818854336,-18000000,3,replace('Headache 1\nNeck pain 0','\n',char(10)));
INSERT INTO table_entries VALUES(918,0,16,9,10,2018,1541797230623,-18000000,3,'Took Tylenol');
INSERT INTO table_entries VALUES(919,15,13,9,10,2018,1541787334724,-18000000,3,'Neck pain 2');
INSERT INTO table_entries VALUES(920,0,9,9,10,2018,1541772002682,-18000000,3,replace('Headache 1\nNeck pain 0','\n',char(10)));
INSERT INTO table_entries VALUES(921,17,11,8,10,2018,1541693870678,-18000000,3,'Headache 1');
INSERT INTO table_entries VALUES(922,20,9,8,10,2018,1541686810187,-18000000,3,'Took maxalt');
INSERT INTO table_entries VALUES(923,1,8,8,10,2018,1541682109646,-18000000,3,'Headache 2');
INSERT INTO table_entries VALUES(924,15,5,7,10,2018,1541585709399,-18000000,3,'Headache 1');
INSERT INTO table_entries VALUES(925,10,7,6,10,2018,1541506258899,-18000000,3,replace('Headache 1\nNeck pain 0','\n',char(10)));
INSERT INTO table_entries VALUES(926,0,19,5,10,2018,1541462411285,-18000000,3,replace('Headache 0\nTook aimovig','\n',char(10)));
INSERT INTO table_entries VALUES(927,30,17,5,10,2018,1541457048301,-18000000,3,replace('Headache 1\nNeck pain 0','\n',char(10)));
INSERT INTO table_entries VALUES(928,0,15,5,10,2018,1541448011295,-18000000,3,replace('Headache 3\nneck pain 3\nTook maxalt, Tylenol','\n',char(10)));
INSERT INTO table_entries VALUES(929,12,13,5,10,2018,1541441557943,-18000000,3,replace('Headache 2\nNeck pain 2','\n',char(10)));
INSERT INTO table_entries VALUES(930,0,7,5,10,2018,1541419201730,-18000000,3,replace('Start new headache scale\nHeadache 1','\n',char(10)));
INSERT INTO table_entries VALUES(931,2,7,4,10,2018,1541332948232,-18000000,3,replace('Headache 1.5\nNeck pain 2','\n',char(10)));
INSERT INTO table_entries VALUES(932,2,7,3,10,2018,1541242935260,-14400000,3,replace('Headache 1.5\nNeck pain 2','\n',char(10)));
INSERT INTO table_entries VALUES(933,1,7,2,10,2018,1541156506939,-14400000,3,replace('Headache 1.5\nNeck pain 2','\n',char(10)));
INSERT INTO table_entries VALUES(934,0,10,1,10,2018,1541080805833,-14400000,3,replace('Headache 1.5\nTook maxalt\nNeck pain 2','\n',char(10)));
INSERT INTO table_entries VALUES(935,0,8,1,10,2018,1541073646401,-14400000,3,replace('Headache 0.5\nSick with cold','\n',char(10)));
INSERT INTO table_entries VALUES(936,30,0,1,10,2018,1541046642692,-14400000,3,'Headache 0.5');
INSERT INTO table_entries VALUES(937,9,16,31,9,2018,1541016566663,-14400000,3,'Headache 1');
INSERT INTO table_entries VALUES(938,30,8,31,9,2018,1540989042218,-14400000,3,'');
INSERT INTO table_entries VALUES(939,45,5,31,9,2018,1540979113279,-14400000,3,'');
INSERT INTO table_entries VALUES(940,20,5,31,9,2018,1540977642472,-14400000,3,'Headache 1.5');
INSERT INTO table_entries VALUES(941,30,0,31,9,2018,1540960214954,-14400000,3,'');
INSERT INTO table_entries VALUES(942,23,14,30,9,2018,1540923819405,-14400000,3,replace('Headache 1\nNeck pain 3','\n',char(10)));
INSERT INTO table_entries VALUES(943,30,12,30,9,2018,1540917014574,-14400000,3,replace('Headache 1.5\nNeck pain 3\nTook Tylenol','\n',char(10)));
INSERT INTO table_entries VALUES(944,0,9,30,9,2018,1540904423673,-14400000,3,'Headache 1.5');
INSERT INTO table_entries VALUES(945,30,1,30,9,2018,1540877408118,-14400000,3,'');
INSERT INTO table_entries VALUES(946,39,16,29,9,2018,1540845588235,-14400000,3,'Headache 1');
INSERT INTO table_entries VALUES(947,10,11,29,9,2018,1540825841823,-14400000,3,'Took maxalt');
INSERT INTO table_entries VALUES(948,49,7,29,9,2018,1540813740199,-14400000,3,'Headache >1');
INSERT INTO table_entries VALUES(949,49,1,29,9,2018,1540792179897,-14400000,3,'');
INSERT INTO table_entries VALUES(950,56,23,28,9,2018,1540785370443,-14400000,3,'Headache 0.5');
INSERT INTO table_entries VALUES(951,50,21,28,9,2018,1540777850860,-14400000,3,'Headache 0.5');
INSERT INTO table_entries VALUES(952,0,1,28,9,2018,1540702820923,-14400000,3,'Headache 0.5');
INSERT INTO table_entries VALUES(953,31,19,27,9,2018,1540683109931,-14400000,3,replace('Headache 1\nTook caffeine, 1 Tylenol, maxalt','\n',char(10)));
INSERT INTO table_entries VALUES(954,30,10,27,9,2018,1540650652827,-14400000,3,'Headache 0.5');
INSERT INTO table_entries VALUES(955,0,5,27,9,2018,1540630827294,-14400000,3,'Headache 0.5');
INSERT INTO table_entries VALUES(956,50,16,26,9,2018,1540587016612,-14400000,3,replace('Headache 1\nTook maxalt','\n',char(10)));
INSERT INTO table_entries VALUES(957,18,8,26,9,2018,1540556295382,-14400000,3,'Headache 0.5');
INSERT INTO table_entries VALUES(958,0,2,26,9,2018,1540533654790,-14400000,3,'');
INSERT INTO table_entries VALUES(959,0,9,25,9,2018,1540472435106,-14400000,3,'Headache 0.5');
INSERT INTO table_entries VALUES(960,37,19,24,9,2018,1540424226961,-14400000,3,'Headache 0.5');
INSERT INTO table_entries VALUES(961,30,7,24,9,2018,1540380641060,-14400000,3,'Headache 1');
INSERT INTO table_entries VALUES(962,58,23,23,9,2018,1540353484847,-14400000,3,'');
INSERT INTO table_entries VALUES(963,39,14,23,9,2018,1540319941487,-14400000,3,'Headache 1');
INSERT INTO table_entries VALUES(964,0,11,23,9,2018,1540306829816,-14400000,3,replace('Headache 1.5 \nTook maxalt','\n',char(10)));
INSERT INTO table_entries VALUES(965,30,8,23,9,2018,1540297832419,-14400000,3,'Headache 1');
INSERT INTO table_entries VALUES(966,0,8,22,9,2018,1540209636433,-14400000,3,'Headache 1');
INSERT INTO table_entries VALUES(967,0,1,22,9,2018,1540184458864,-14400000,3,'');
INSERT INTO table_entries VALUES(968,30,0,22,9,2018,1540182611232,-14400000,3,'');
INSERT INTO table_entries VALUES(969,30,20,21,9,2018,1540168224651,-14400000,3,'Headache 0.5');
INSERT INTO table_entries VALUES(970,0,1,21,9,2018,1540098003056,-14400000,3,'');
INSERT INTO table_entries VALUES(971,0,18,20,9,2018,1540072829684,-14400000,3,'Headache 0.5');
INSERT INTO table_entries VALUES(972,0,14,20,9,2018,1540058404413,-14400000,4,replace('Headache 1.5 \nTook maxalt','\n',char(10)));
INSERT INTO table_entries VALUES(973,28,7,20,9,2018,1540034929830,-14400000,3,'Headache 0');
INSERT INTO table_entries VALUES(974,0,0,19,9,2018,1539921626486,-14400000,3,'Headache 0');
INSERT INTO table_entries VALUES(975,0,0,18,9,2018,1539835227726,-14400000,3,'Headache 0.5');
INSERT INTO table_entries VALUES(976,30,7,17,9,2018,1539775855490,-14400000,3,'Headache 0.5');
INSERT INTO table_entries VALUES(977,11,17,16,9,2018,1539724276085,-14400000,3,'Headache 0.5');
INSERT INTO table_entries VALUES(978,11,17,15,9,2018,1539637865710,-14400000,3,'Headache 1.5');
INSERT INTO table_entries VALUES(979,0,9,14,9,2018,1539522033867,-14400000,3,'Headache 1.5');
INSERT INTO table_entries VALUES(980,17,2,14,9,2018,1539497825896,-14400000,3,'Headache 1.5');
INSERT INTO table_entries VALUES(981,0,10,13,9,2018,1539439259186,-14400000,3,replace('Headache 1.5\nTook maxalt, Tylenol','\n',char(10)));
INSERT INTO table_entries VALUES(982,0,3,13,9,2018,1539414006890,-14400000,3,'Headache 0.5');
INSERT INTO table_entries VALUES(983,30,14,12,9,2018,1539369036336,-14400000,3,'Took maxalt, Tylenol');
INSERT INTO table_entries VALUES(984,31,14,11,9,2018,1539282664926,-14400000,3,'Headache 0.5');
INSERT INTO table_entries VALUES(985,31,14,10,9,2018,1539196306295,-14400000,3,'Headache 0.5');
INSERT INTO table_entries VALUES(986,34,14,9,9,2018,1539110051132,-14400000,3,'Headache 0.5');
INSERT INTO table_entries VALUES(987,34,14,8,9,2018,1539023695908,-14400000,3,'Headache 0.5');
INSERT INTO table_entries VALUES(988,35,14,7,9,2018,1538937346631,-14400000,3,'Headache 0.5');
INSERT INTO table_entries VALUES(989,31,14,6,9,2018,1538850685388,-14400000,3,'Took maxalt, Tylenol');
INSERT INTO table_entries VALUES(990,0,10,5,9,2018,1538748020140,-14400000,3,'Headache 1');
INSERT INTO table_entries VALUES(991,55,23,4,9,2018,1538711730690,-14400000,3,'Headache 0.5');
INSERT INTO table_entries VALUES(992,45,19,4,9,2018,1538696747016,-14400000,3,replace('Played soccer\nHeadache 1','\n',char(10)));
INSERT INTO table_entries VALUES(993,15,10,4,9,2018,1538662515134,-14400000,3,'Headache 1.5');
INSERT INTO table_entries VALUES(994,34,17,3,9,2018,1538602462762,-14400000,3,replace('Headache 2\nTook maxalt','\n',char(10)));
INSERT INTO table_entries VALUES(995,45,15,3,9,2018,1538595940186,-14400000,3,replace('Headache 0.5\nTook aimovig','\n',char(10)));
INSERT INTO table_entries VALUES(996,15,15,3,9,2018,1538594145699,-14400000,3,'Headache 0.5');
INSERT INTO table_entries VALUES(997,15,15,2,9,2018,1538507737588,-14400000,3,'Headache 0.5');
INSERT INTO table_entries VALUES(998,15,15,1,9,2018,1538421327027,-14400000,3,'Headache 0.5');
INSERT INTO table_entries VALUES(999,15,15,30,8,2018,1538334915213,-14400000,3,'Headache 0.5');
INSERT INTO table_entries VALUES(1000,14,15,29,8,2018,1538248498704,-14400000,3,'Headache 0.5');
INSERT INTO table_entries VALUES(1001,20,9,28,8,2018,1538140846636,-14400000,3,'Headache 0.4');
INSERT INTO table_entries VALUES(1002,33,3,28,8,2018,1538120029543,-14400000,3,'Headache 1');
INSERT INTO table_entries VALUES(1003,59,19,27,8,2018,1538092752528,-14400000,3,'Headache 1');
INSERT INTO table_entries VALUES(1004,0,16,27,8,2018,1538078425281,-14400000,3,replace('Headache 2\nTook maxalt','\n',char(10)));
INSERT INTO table_entries VALUES(1005,0,9,27,8,2018,1538053250806,-14400000,3,'Headache 0.5');
INSERT INTO table_entries VALUES(1006,0,20,26,8,2018,1538006401419,-14400000,3,'Headache 0.5');
INSERT INTO table_entries VALUES(1007,0,8,25,8,2018,1537876808696,-14400000,3,'Headache 1');
INSERT INTO table_entries VALUES(1008,0,8,24,8,2018,1537790416230,-14400000,3,'Headache 0.5');
INSERT INTO table_entries VALUES(1009,0,9,23,8,2018,1537707652874,-14400000,3,'Headache 0.7');
INSERT INTO table_entries VALUES(1010,0,8,22,8,2018,1537617631180,-14400000,3,'Headache 0.5');
INSERT INTO table_entries VALUES(1011,45,7,21,8,2018,1537530327133,-14400000,3,'Headache 1');
INSERT INTO table_entries VALUES(1012,45,7,20,8,2018,1537443928904,-14400000,3,'Headache 1');
INSERT INTO table_entries VALUES(1013,19,23,19,8,2018,1537413584346,-14400000,3,'Headache 0.3');
INSERT INTO table_entries VALUES(1014,45,7,19,8,2018,1537357554285,-14400000,3,'Headache 1');
INSERT INTO table_entries VALUES(1015,18,17,18,8,2018,1537305508881,-14400000,3,'Headache 1.1');
INSERT INTO table_entries VALUES(1016,18,17,18,8,2018,1537305485200,-14400000,3,replace('Headache 1.5\nTook Tylenol','\n',char(10)));
INSERT INTO table_entries VALUES(1017,45,9,18,8,2018,1537278334817,-14400000,3,'Headache 1.5');
INSERT INTO table_entries VALUES(1018,0,14,17,8,2018,1537207214909,-14400000,3,'Headache 0.5');
INSERT INTO table_entries VALUES(1019,0,9,17,8,2018,1537189236470,-14400000,3,replace('Headache 2 \nTook maxalt, Tylenol','\n',char(10)));
INSERT INTO table_entries VALUES(1020,30,8,17,8,2018,1537187459237,-14400000,3,'Headache 2');
INSERT INTO table_entries VALUES(1021,31,21,16,8,2018,1537147876037,-14400000,3,'Headache 1');
INSERT INTO table_entries VALUES(1022,30,16,16,8,2018,1537129851636,-14400000,3,replace('Headache 2\nTook maxalt','\n',char(10)));
INSERT INTO table_entries VALUES(1023,30,9,16,8,2018,1537104606808,-14400000,3,'Headache 0.7');
INSERT INTO table_entries VALUES(1024,0,12,15,8,2018,1537027223537,-14400000,3,'Headache 0.4');
INSERT INTO table_entries VALUES(1025,53,8,15,8,2018,1537016024360,-14400000,3,'Headache 1.2');
INSERT INTO table_entries VALUES(1026,33,10,14,8,2018,1536935591779,-14400000,3,'Headache 0.5');
INSERT INTO table_entries VALUES(1027,55,23,13,8,2018,1536897343477,-14400000,3,'Headache 0.5');
INSERT INTO table_entries VALUES(1028,27,12,13,8,2018,1536856038032,-14400000,3,'Headache 1.5');
INSERT INTO table_entries VALUES(1029,26,7,13,8,2018,1536838009126,-14400000,3,replace('Headache 3.5\nTook maxalt, Tylenol','\n',char(10)));
INSERT INTO table_entries VALUES(1030,53,6,13,8,2018,1536836005541,-14400000,3,'Headache 3');
INSERT INTO table_entries VALUES(1031,23,13,12,8,2018,1536773034541,-14400000,3,'Headache 0');
INSERT INTO table_entries VALUES(1032,38,6,12,8,2018,1536748699945,-14400000,3,'Headache 0.5');
INSERT INTO table_entries VALUES(1033,17,14,11,8,2018,1536689863358,-14400000,3,replace('Headache 0\nSleepy','\n',char(10)));
INSERT INTO table_entries VALUES(1034,15,11,11,8,2018,1536678927689,-14400000,3,'Headache 0.9');
INSERT INTO table_entries VALUES(1035,20,7,11,8,2018,1536664805597,-14400000,3,'Headache 1.5');
INSERT INTO table_entries VALUES(1036,0,23,10,8,2018,1536634830193,-14400000,3,'Had 1 alcoholic drink');
INSERT INTO table_entries VALUES(1037,55,7,10,8,2018,1536580536344,-14400000,3,'Headache 1.2');
INSERT INTO table_entries VALUES(1038,38,9,9,8,2018,1536500319939,-14400000,3,'Headache 1.5');
INSERT INTO table_entries VALUES(1039,5,11,8,8,2018,1536419123458,-14400000,3,'Headache 0.8');
INSERT INTO table_entries VALUES(1040,0,0,8,8,2018,1536379203670,-14400000,3,'Headache 0.2');
INSERT INTO table_entries VALUES(1041,48,10,7,8,2018,1536331716254,-14400000,3,'Headache 1.3');
INSERT INTO table_entries VALUES(1042,11,10,7,8,2018,1536329496454,-14400000,3,replace('Headache 3\nTook maxalt, tylenol','\n',char(10)));
INSERT INTO table_entries VALUES(1043,30,7,7,8,2018,1536319816588,-14400000,3,'Headache 0.2');
INSERT INTO table_entries VALUES(1044,34,17,6,8,2018,1536269652459,-14400000,3,'Headache 0.2');
INSERT INTO table_entries VALUES(1045,54,10,6,8,2018,1536245666187,-14400000,3,'Headache 1.5');
INSERT INTO table_entries VALUES(1046,49,6,6,8,2018,1536230995614,-14400000,3,'Headache 0.3');
INSERT INTO table_entries VALUES(1047,12,22,5,8,2018,1536199936567,-14400000,3,'Headache 0.9');
INSERT INTO table_entries VALUES(1048,29,13,5,8,2018,1536168571864,-14400000,3,replace('Headache 3.5\nTook maxalt, Tylenol','\n',char(10)));
INSERT INTO table_entries VALUES(1049,30,10,5,8,2018,1536157839166,-14400000,3,replace('Headache 0.9\nStarted Aimovig 70mg\nTook Aimovig','\n',char(10)));
INSERT INTO table_entries VALUES(1050,0,7,5,8,2018,1536145203335,-14400000,3,'Headache 1');
INSERT INTO table_entries VALUES(1051,24,10,4,8,2018,1536071088788,-14400000,3,'Headache 1.5');
INSERT INTO table_entries VALUES(1052,15,21,3,8,2018,1536023706995,-14400000,3,'Headache 1.5');
INSERT INTO table_entries VALUES(1053,41,20,3,8,2018,1536021687864,-14400000,3,replace('Headache 2\nTook maxalt, caffeine, Tylenol','\n',char(10)));
INSERT INTO table_entries VALUES(1054,45,16,3,8,2018,1536007557194,-14400000,3,replace('Headache 1.5\nTook Tylenol','\n',char(10)));
INSERT INTO table_entries VALUES(1055,45,16,3,8,2018,1536007506524,-14400000,3,'Headache 1');
INSERT INTO table_entries VALUES(1056,45,14,3,8,2018,1536000320286,-14400000,3,replace('Headache 1.5\nYoga 1 hour','\n',char(10)));
INSERT INTO table_entries VALUES(1057,43,16,2,8,2018,1535921033474,-14400000,3,'Headache 1');
INSERT INTO table_entries VALUES(1058,0,13,2,8,2018,1535907619243,-14400000,3,replace('Headache 1\nYoga 30 minutes\nTook Tylenol','\n',char(10)));
INSERT INTO table_entries VALUES(1059,10,21,1,8,2018,1535850638731,-14400000,3,replace('Did yoga at noon and 6\nNeck ache 5','\n',char(10)));
INSERT INTO table_entries VALUES(1060,30,8,1,8,2018,1535805048966,-14400000,3,replace('Headache 1\nBack is tense','\n',char(10)));
INSERT INTO table_entries VALUES(1061,0,2,1,8,2018,1535781624573,-14400000,3,'');
INSERT INTO table_entries VALUES(1062,30,19,31,7,2018,1535758258875,-14400000,3,'Headache 1');
INSERT INTO table_entries VALUES(1063,0,17,31,7,2018,1535749205771,-14400000,3,replace('Took maxalt, Tylenol, caffeine\nHeadache 8','\n',char(10)));
INSERT INTO table_entries VALUES(1064,30,15,31,7,2018,1535743834143,-14400000,3,replace('Headache 8\nElliptical','\n',char(10)));
INSERT INTO table_entries VALUES(1065,0,9,31,7,2018,1535720447483,-14400000,3,'Headache 1');
INSERT INTO table_entries VALUES(1066,25,9,30,7,2018,1535635558394,-14400000,3,'Headache 1.8');
INSERT INTO table_entries VALUES(1067,20,6,30,7,2018,1535624422753,-14400000,3,'Headache 0.2');
INSERT INTO table_entries VALUES(1068,0,5,30,7,2018,1535619655739,-14400000,3,'Headache 0.2');
INSERT INTO table_entries VALUES(1069,34,19,29,7,2018,1535585693402,-14400000,3,'Headache 2');
INSERT INTO table_entries VALUES(1070,30,21,28,7,2018,1535506222879,-14400000,3,'Headache 1.3');
INSERT INTO table_entries VALUES(1071,30,10,28,7,2018,1535466635344,-14400000,3,'Headache 2.5');
INSERT INTO table_entries VALUES(1072,6,0,28,7,2018,1535429193869,-14400000,3,'Headache 0.3');
INSERT INTO table_entries VALUES(1073,0,22,27,7,2018,1535421626652,-14400000,3,replace('Took maxalt, caffeine, Tylenol\nHeadache 7','\n',char(10)));
INSERT INTO table_entries VALUES(1074,24,21,27,7,2018,1535419447874,-14400000,3,replace('Headache 8\nIcing forehead','\n',char(10)));
INSERT INTO table_entries VALUES(1075,20,18,27,7,2018,1535408455948,-14400000,3,'Headache 5');
INSERT INTO table_entries VALUES(1076,45,7,27,7,2018,1535370338712,-14400000,3,'Headache 0.5');
INSERT INTO table_entries VALUES(1077,48,1,27,7,2018,1535348938077,-14400000,3,replace('Headache 1\nHeating pad level 1 for 2 hours','\n',char(10)));
INSERT INTO table_entries VALUES(1078,30,13,26,7,2018,1535304619966,-14400000,3,'Headache 1');
INSERT INTO table_entries VALUES(1079,44,12,26,7,2018,1535301864338,-14400000,3,replace('Headache 1.5\nTaking maxalt','\n',char(10)));
INSERT INTO table_entries VALUES(1080,20,9,26,7,2018,1535289645361,-14400000,3,'Headache 0.9');
INSERT INTO table_entries VALUES(1081,54,1,26,7,2018,1535262889567,-14400000,3,'Headache 1.5');
INSERT INTO table_entries VALUES(1082,30,12,25,7,2018,1535214656694,-14400000,3,replace('Headache 1.5\nTook maxalt','\n',char(10)));
INSERT INTO table_entries VALUES(1083,31,9,25,7,2018,1535203882276,-14400000,3,'Headache 0.6');
INSERT INTO table_entries VALUES(1084,40,1,25,7,2018,1535175653950,-14400000,3,'Headache 0.7');
INSERT INTO table_entries VALUES(1085,0,9,24,7,2018,1535115621200,-14400000,3,'Headache 1');
INSERT INTO table_entries VALUES(1086,7,16,23,7,2018,1535054854818,-14400000,3,'Headache 0.4');
INSERT INTO table_entries VALUES(1087,23,10,23,7,2018,1535034229027,-14400000,3,'Headache 1.5');
INSERT INTO table_entries VALUES(1088,0,9,23,7,2018,1535029230107,-14400000,3,'Headache 2');
INSERT INTO table_entries VALUES(1089,52,23,19,7,2018,1534737152898,-14400000,3,'Headache 0.5');
INSERT INTO table_entries VALUES(1090,12,12,5,7,2018,1533485524179,-14400000,3,'Headache 3');
INSERT INTO table_entries VALUES(1091,2,8,2,7,2018,1533211341097,-14400000,3,'Headache 2');
INSERT INTO table_entries VALUES(1092,45,1,2,7,2018,1533188756762,-14400000,3,replace('Took Tylenol \nHeadache 3','\n',char(10)));
INSERT INTO table_entries VALUES(1093,46,0,2,7,2018,1533185192372,-14400000,3,replace('Headache 4\nNeck hurts','\n',char(10)));
INSERT INTO table_entries VALUES(1094,25,20,1,7,2018,1533169553536,-14400000,3,'Headache 3');
INSERT INTO table_entries VALUES(1095,0,16,1,7,2018,1533153629650,-14400000,3,'Headache 2');
INSERT INTO table_entries VALUES(1096,0,8,1,7,2018,1533124807685,-14400000,3,'Headache 1');
INSERT INTO table_entries VALUES(1097,0,18,31,6,2018,1533074455077,-14400000,3,'Headache 1');
INSERT INTO table_entries VALUES(1098,45,16,31,6,2018,1533069912868,-14400000,3,replace('Took maxalt 10mg\nHeadache 4','\n',char(10)));
INSERT INTO table_entries VALUES(1099,0,9,31,6,2018,1533042032163,-14400000,3,'Headache 1');
INSERT INTO table_entries VALUES(1100,0,9,30,6,2018,1532955616046,-14400000,3,'Headache 1');
INSERT INTO table_entries VALUES(1101,20,20,29,6,2018,1532910039732,-14400000,3,'Headache 1');
INSERT INTO table_entries VALUES(1102,0,15,29,6,2018,1532890801358,-14400000,3,'Headache 1');
INSERT INTO table_entries VALUES(1103,42,11,29,6,2018,1532878940066,-14400000,3,replace('Took maxalt, Tylenol, caffeine\nAte Apple sauce\nHeadache 7','\n',char(10)));
INSERT INTO table_entries VALUES(1104,0,9,29,6,2018,1532869240635,-14400000,3,'Headache 6');
INSERT INTO table_entries VALUES(1105,20,1,29,6,2018,1532841611006,-14400000,3,'Headache 1');
INSERT INTO table_entries VALUES(1106,15,21,28,6,2018,1532826954910,-14400000,3,replace('Ate chicken gyro, ice cream\nHeadache 1','\n',char(10)));
INSERT INTO table_entries VALUES(1107,0,18,28,6,2018,1532815255914,-14400000,3,replace('Ate bread, cheese, salami, avacado, eggplant, tomato sauce\nHeadache 1','\n',char(10)));
INSERT INTO table_entries VALUES(1108,0,14,28,6,2018,1532800840423,-14400000,3,replace('Ate eggs, cheese, bread\nHeadache 1','\n',char(10)));
INSERT INTO table_entries VALUES(1109,53,10,28,6,2018,1532789610919,-14400000,3,'Headache 2');
INSERT INTO table_entries VALUES(1110,8,7,28,6,2018,1532776098453,-14400000,3,'Headache 2');
INSERT INTO table_entries VALUES(1111,33,6,28,6,2018,1532773984952,-14400000,3,'Headache 3');
INSERT INTO table_entries VALUES(1112,38,5,28,6,2018,1532770723889,-14400000,3,replace('Ate applesauce\nTook maxalt 10mg, Tylenol 500mg, caffeine 200mg\nHeadache 7','\n',char(10)));
INSERT INTO table_entries VALUES(1113,1,20,27,6,2018,1532736062585,-14400000,3,replace('Ate tuna, cheese, bread, Apple sauce\nHeadache 2','\n',char(10)));
INSERT INTO table_entries VALUES(1114,0,19,27,6,2018,1532732412971,-14400000,3,replace('Played basketball 30 minutes\nHeadache 1','\n',char(10)));
INSERT INTO table_entries VALUES(1115,30,12,27,6,2018,1532709007738,-14400000,3,replace('Ate tomato, rice, mozzarella\nHeadache 2','\n',char(10)));
INSERT INTO table_entries VALUES(1116,19,9,27,6,2018,1532697598243,-14400000,3,'Headache 2');
INSERT INTO table_entries VALUES(1117,18,20,26,6,2018,1532650739567,-14400000,3,'Headache 1');
INSERT INTO table_entries VALUES(1118,0,14,26,6,2018,1532628036575,-14400000,3,replace('Did neck stretching\nHeadache 4','\n',char(10)));
INSERT INTO table_entries VALUES(1119,0,12,26,6,2018,1532620826439,-14400000,3,'Ate potatoes, chicken, carrots');
INSERT INTO table_entries VALUES(1120,1,10,26,6,2018,1532613714260,-14400000,3,replace('Took Tylenol 500mg, caffeine 200mg\nHeadache 8','\n',char(10)));
INSERT INTO table_entries VALUES(1121,56,7,26,6,2018,1532606195948,-14400000,4,replace('Headache 6\nHurts in middle of forehead, not like other headaches I''ve gotten','\n',char(10)));
INSERT INTO table_entries VALUES(1122,15,20,25,6,2018,1532564138194,-14400000,3,replace('Ate coleslaw + ginger dressing\nHeadache 2','\n',char(10)));
INSERT INTO table_entries VALUES(1123,13,12,25,6,2018,1532535183617,-14400000,3,replace('Ate tuna, cheese, bread\nHeadache 1','\n',char(10)));
INSERT INTO table_entries VALUES(1124,3,8,25,6,2018,1532520203471,-14400000,3,'Headache 1');
INSERT INTO table_entries VALUES(1125,0,23,24,6,2018,1532487634517,-14400000,5,replace('Took second maxalt\nHeadache 9','\n',char(10)));
INSERT INTO table_entries VALUES(1126,9,20,24,6,2018,1532477362973,-14400000,5,replace('40 minute walk\nTook maxalt, Tylenol 500 mg, caffeine 100mg\nHeadache 9','\n',char(10)));
INSERT INTO table_entries VALUES(1127,17,19,24,6,2018,1532474254064,-14400000,5,replace('Did neck stretching\nHeadache 9','\n',char(10)));
INSERT INTO table_entries VALUES(1128,12,18,24,6,2018,1532470355289,-14400000,5,replace('Tuna, bread, cheese\nHeadache 7','\n',char(10)));
INSERT INTO table_entries VALUES(1129,37,17,24,6,2018,1532468258709,-14400000,5,replace('10 minute walk\nHeadache 8','\n',char(10)));
INSERT INTO table_entries VALUES(1130,12,17,24,6,2018,1532466747223,-14400000,5,'Headache 8');
INSERT INTO table_entries VALUES(1131,0,13,24,6,2018,1532451612155,-14400000,4,replace('Took Tylenol 500 mg\nHeadache 4','\n',char(10)));
INSERT INTO table_entries VALUES(1132,0,16,11,0,2020,1578776404738,-18000000,3,replace('Headache 1.2\nTook maxalt','\n',char(10)));
INSERT INTO table_entries VALUES(1133,0,8,12,0,2020,1578834044856,-18000000,3,'Headache 1.05');
CREATE TABLE table_tags (id INTEGER PRIMARY KEY AUTOINCREMENT, name TEXT, icon INTEGER, created_at INTEGER, order_number INTEGER, state INTEGER, id_tag_group INTEGER );
INSERT INTO table_tags VALUES(14,'Medicine',64,1532613728135,78310928,0,0);
INSERT INTO table_tags VALUES(15,'relax',9,1532466747129,2,0,0);
INSERT INTO table_tags VALUES(16,'Stretching',38,1532650847517,78348047,0,0);
INSERT INTO table_tags VALUES(17,'Go to sleep',70,1532870919595,78568119,0,0);
INSERT INTO table_tags VALUES(18,'Pain',185,1535807562988,81504762,0,0);
INSERT INTO table_tags VALUES(19,'sport',67,1532466747132,5,0,0);
INSERT INTO table_tags VALUES(20,'Headache',187,1532466820348,78164020,0,0);
INSERT INTO table_tags VALUES(21,'Food',14,1532470368130,78167568,0,0);
INSERT INTO table_tags VALUES(22,'Wake up',70,1532520278173,78217478,0,0);
INSERT INTO table_tags VALUES(23,'work',16,1532466747128,1,0,0);
CREATE TABLE table_tag_groups (id INTEGER PRIMARY KEY AUTOINCREMENT, name TEXT, is_expanded INTEGER, order_number INTEGER);
CREATE TABLE table_entries_with_tags (id_entry INTEGER, id_tag INTEGER);
INSERT INTO table_entries_with_tags VALUES(404,17);
INSERT INTO table_entries_with_tags VALUES(896,20);
INSERT INTO table_entries_with_tags VALUES(898,20);
INSERT INTO table_entries_with_tags VALUES(901,18);
INSERT INTO table_entries_with_tags VALUES(902,14);
INSERT INTO table_entries_with_tags VALUES(904,18);
INSERT INTO table_entries_with_tags VALUES(905,20);
INSERT INTO table_entries_with_tags VALUES(905,22);
INSERT INTO table_entries_with_tags VALUES(906,17);
INSERT INTO table_entries_with_tags VALUES(909,14);
INSERT INTO table_entries_with_tags VALUES(911,20);
INSERT INTO table_entries_with_tags VALUES(912,20);
INSERT INTO table_entries_with_tags VALUES(912,14);
INSERT INTO table_entries_with_tags VALUES(913,20);
INSERT INTO table_entries_with_tags VALUES(914,20);
INSERT INTO table_entries_with_tags VALUES(915,20);
INSERT INTO table_entries_with_tags VALUES(915,14);
INSERT INTO table_entries_with_tags VALUES(919,18);
INSERT INTO table_entries_with_tags VALUES(920,20);
INSERT INTO table_entries_with_tags VALUES(920,18);
INSERT INTO table_entries_with_tags VALUES(921,20);
INSERT INTO table_entries_with_tags VALUES(922,20);
INSERT INTO table_entries_with_tags VALUES(922,14);
INSERT INTO table_entries_with_tags VALUES(923,20);
INSERT INTO table_entries_with_tags VALUES(923,22);
INSERT INTO table_entries_with_tags VALUES(924,20);
INSERT INTO table_entries_with_tags VALUES(925,20);
INSERT INTO table_entries_with_tags VALUES(925,18);
INSERT INTO table_entries_with_tags VALUES(926,20);
INSERT INTO table_entries_with_tags VALUES(926,14);
INSERT INTO table_entries_with_tags VALUES(927,20);
INSERT INTO table_entries_with_tags VALUES(927,18);
INSERT INTO table_entries_with_tags VALUES(928,20);
INSERT INTO table_entries_with_tags VALUES(928,18);
INSERT INTO table_entries_with_tags VALUES(929,20);
INSERT INTO table_entries_with_tags VALUES(929,18);
INSERT INTO table_entries_with_tags VALUES(930,20);
INSERT INTO table_entries_with_tags VALUES(930,22);
INSERT INTO table_entries_with_tags VALUES(931,20);
INSERT INTO table_entries_with_tags VALUES(931,22);
INSERT INTO table_entries_with_tags VALUES(932,20);
INSERT INTO table_entries_with_tags VALUES(933,20);
INSERT INTO table_entries_with_tags VALUES(934,20);
INSERT INTO table_entries_with_tags VALUES(934,18);
INSERT INTO table_entries_with_tags VALUES(935,20);
INSERT INTO table_entries_with_tags VALUES(935,22);
INSERT INTO table_entries_with_tags VALUES(935,18);
INSERT INTO table_entries_with_tags VALUES(936,20);
INSERT INTO table_entries_with_tags VALUES(936,17);
INSERT INTO table_entries_with_tags VALUES(937,20);
INSERT INTO table_entries_with_tags VALUES(938,20);
INSERT INTO table_entries_with_tags VALUES(938,22);
INSERT INTO table_entries_with_tags VALUES(939,20);
INSERT INTO table_entries_with_tags VALUES(939,17);
INSERT INTO table_entries_with_tags VALUES(940,20);
INSERT INTO table_entries_with_tags VALUES(940,22);
INSERT INTO table_entries_with_tags VALUES(940,18);
INSERT INTO table_entries_with_tags VALUES(941,17);
INSERT INTO table_entries_with_tags VALUES(942,20);
INSERT INTO table_entries_with_tags VALUES(942,18);
INSERT INTO table_entries_with_tags VALUES(943,20);
INSERT INTO table_entries_with_tags VALUES(943,14);
INSERT INTO table_entries_with_tags VALUES(943,18);
INSERT INTO table_entries_with_tags VALUES(944,20);
INSERT INTO table_entries_with_tags VALUES(944,22);
INSERT INTO table_entries_with_tags VALUES(945,17);
INSERT INTO table_entries_with_tags VALUES(946,20);
INSERT INTO table_entries_with_tags VALUES(947,14);
INSERT INTO table_entries_with_tags VALUES(948,20);
INSERT INTO table_entries_with_tags VALUES(948,22);
INSERT INTO table_entries_with_tags VALUES(950,20);
INSERT INTO table_entries_with_tags VALUES(951,20);
INSERT INTO table_entries_with_tags VALUES(951,22);
INSERT INTO table_entries_with_tags VALUES(952,20);
INSERT INTO table_entries_with_tags VALUES(952,17);
INSERT INTO table_entries_with_tags VALUES(953,20);
INSERT INTO table_entries_with_tags VALUES(953,14);
INSERT INTO table_entries_with_tags VALUES(954,20);
INSERT INTO table_entries_with_tags VALUES(954,22);
INSERT INTO table_entries_with_tags VALUES(955,17);
INSERT INTO table_entries_with_tags VALUES(956,20);
INSERT INTO table_entries_with_tags VALUES(956,14);
INSERT INTO table_entries_with_tags VALUES(957,20);
INSERT INTO table_entries_with_tags VALUES(957,22);
INSERT INTO table_entries_with_tags VALUES(958,17);
INSERT INTO table_entries_with_tags VALUES(959,20);
INSERT INTO table_entries_with_tags VALUES(960,20);
INSERT INTO table_entries_with_tags VALUES(961,20);
INSERT INTO table_entries_with_tags VALUES(961,22);
INSERT INTO table_entries_with_tags VALUES(962,17);
INSERT INTO table_entries_with_tags VALUES(963,20);
INSERT INTO table_entries_with_tags VALUES(964,20);
INSERT INTO table_entries_with_tags VALUES(964,14);
INSERT INTO table_entries_with_tags VALUES(965,20);
INSERT INTO table_entries_with_tags VALUES(965,22);
INSERT INTO table_entries_with_tags VALUES(966,20);
INSERT INTO table_entries_with_tags VALUES(966,22);
INSERT INTO table_entries_with_tags VALUES(967,17);
INSERT INTO table_entries_with_tags VALUES(968,17);
INSERT INTO table_entries_with_tags VALUES(969,20);
INSERT INTO table_entries_with_tags VALUES(969,22);
INSERT INTO table_entries_with_tags VALUES(970,17);
INSERT INTO table_entries_with_tags VALUES(971,20);
INSERT INTO table_entries_with_tags VALUES(972,20);
INSERT INTO table_entries_with_tags VALUES(972,14);
INSERT INTO table_entries_with_tags VALUES(973,20);
INSERT INTO table_entries_with_tags VALUES(973,22);
INSERT INTO table_entries_with_tags VALUES(975,20);
INSERT INTO table_entries_with_tags VALUES(976,20);
INSERT INTO table_entries_with_tags VALUES(976,22);
INSERT INTO table_entries_with_tags VALUES(977,20);
INSERT INTO table_entries_with_tags VALUES(978,20);
INSERT INTO table_entries_with_tags VALUES(979,20);
INSERT INTO table_entries_with_tags VALUES(979,22);
INSERT INTO table_entries_with_tags VALUES(980,20);
INSERT INTO table_entries_with_tags VALUES(980,17);
INSERT INTO table_entries_with_tags VALUES(981,20);
INSERT INTO table_entries_with_tags VALUES(981,22);
INSERT INTO table_entries_with_tags VALUES(982,17);
INSERT INTO table_entries_with_tags VALUES(983,20);
INSERT INTO table_entries_with_tags VALUES(984,20);
INSERT INTO table_entries_with_tags VALUES(985,20);
INSERT INTO table_entries_with_tags VALUES(986,20);
INSERT INTO table_entries_with_tags VALUES(987,20);
INSERT INTO table_entries_with_tags VALUES(990,20);
INSERT INTO table_entries_with_tags VALUES(990,22);
INSERT INTO table_entries_with_tags VALUES(991,20);
INSERT INTO table_entries_with_tags VALUES(991,17);
INSERT INTO table_entries_with_tags VALUES(992,19);
INSERT INTO table_entries_with_tags VALUES(992,20);
INSERT INTO table_entries_with_tags VALUES(993,20);
INSERT INTO table_entries_with_tags VALUES(993,22);
INSERT INTO table_entries_with_tags VALUES(994,20);
INSERT INTO table_entries_with_tags VALUES(994,14);
INSERT INTO table_entries_with_tags VALUES(995,20);
INSERT INTO table_entries_with_tags VALUES(996,20);
INSERT INTO table_entries_with_tags VALUES(997,20);
INSERT INTO table_entries_with_tags VALUES(998,20);
INSERT INTO table_entries_with_tags VALUES(999,20);
INSERT INTO table_entries_with_tags VALUES(1000,20);
INSERT INTO table_entries_with_tags VALUES(1001,20);
INSERT INTO table_entries_with_tags VALUES(1001,22);
INSERT INTO table_entries_with_tags VALUES(1002,20);
INSERT INTO table_entries_with_tags VALUES(1002,17);
INSERT INTO table_entries_with_tags VALUES(1003,20);
INSERT INTO table_entries_with_tags VALUES(1004,20);
INSERT INTO table_entries_with_tags VALUES(1005,20);
INSERT INTO table_entries_with_tags VALUES(1005,22);
INSERT INTO table_entries_with_tags VALUES(1006,20);
INSERT INTO table_entries_with_tags VALUES(1007,20);
INSERT INTO table_entries_with_tags VALUES(1007,22);
INSERT INTO table_entries_with_tags VALUES(1008,20);
INSERT INTO table_entries_with_tags VALUES(1008,22);
INSERT INTO table_entries_with_tags VALUES(1009,20);
INSERT INTO table_entries_with_tags VALUES(1009,22);
INSERT INTO table_entries_with_tags VALUES(1010,20);
INSERT INTO table_entries_with_tags VALUES(1010,22);
INSERT INTO table_entries_with_tags VALUES(1011,20);
INSERT INTO table_entries_with_tags VALUES(1011,22);
INSERT INTO table_entries_with_tags VALUES(1012,20);
INSERT INTO table_entries_with_tags VALUES(1012,22);
INSERT INTO table_entries_with_tags VALUES(1013,20);
INSERT INTO table_entries_with_tags VALUES(1014,20);
INSERT INTO table_entries_with_tags VALUES(1014,22);
INSERT INTO table_entries_with_tags VALUES(1015,20);
INSERT INTO table_entries_with_tags VALUES(1016,20);
INSERT INTO table_entries_with_tags VALUES(1016,14);
INSERT INTO table_entries_with_tags VALUES(1017,20);
INSERT INTO table_entries_with_tags VALUES(1017,22);
INSERT INTO table_entries_with_tags VALUES(1018,20);
INSERT INTO table_entries_with_tags VALUES(1019,20);
INSERT INTO table_entries_with_tags VALUES(1020,20);
INSERT INTO table_entries_with_tags VALUES(1020,22);
INSERT INTO table_entries_with_tags VALUES(1021,20);
INSERT INTO table_entries_with_tags VALUES(1022,20);
INSERT INTO table_entries_with_tags VALUES(1022,14);
INSERT INTO table_entries_with_tags VALUES(1023,20);
INSERT INTO table_entries_with_tags VALUES(1023,22);
INSERT INTO table_entries_with_tags VALUES(1024,20);
INSERT INTO table_entries_with_tags VALUES(1025,20);
INSERT INTO table_entries_with_tags VALUES(1025,22);
INSERT INTO table_entries_with_tags VALUES(1026,20);
INSERT INTO table_entries_with_tags VALUES(1026,22);
INSERT INTO table_entries_with_tags VALUES(1027,20);
INSERT INTO table_entries_with_tags VALUES(1027,17);
INSERT INTO table_entries_with_tags VALUES(1028,20);
INSERT INTO table_entries_with_tags VALUES(1029,20);
INSERT INTO table_entries_with_tags VALUES(1030,20);
INSERT INTO table_entries_with_tags VALUES(1030,22);
INSERT INTO table_entries_with_tags VALUES(1031,20);
INSERT INTO table_entries_with_tags VALUES(1032,20);
INSERT INTO table_entries_with_tags VALUES(1032,22);
INSERT INTO table_entries_with_tags VALUES(1033,20);
INSERT INTO table_entries_with_tags VALUES(1034,20);
INSERT INTO table_entries_with_tags VALUES(1035,20);
INSERT INTO table_entries_with_tags VALUES(1035,22);
INSERT INTO table_entries_with_tags VALUES(1036,21);
INSERT INTO table_entries_with_tags VALUES(1037,20);
INSERT INTO table_entries_with_tags VALUES(1037,22);
INSERT INTO table_entries_with_tags VALUES(1038,20);
INSERT INTO table_entries_with_tags VALUES(1038,22);
INSERT INTO table_entries_with_tags VALUES(1039,20);
INSERT INTO table_entries_with_tags VALUES(1039,22);
INSERT INTO table_entries_with_tags VALUES(1040,20);
INSERT INTO table_entries_with_tags VALUES(1041,20);
INSERT INTO table_entries_with_tags VALUES(1042,20);
INSERT INTO table_entries_with_tags VALUES(1042,14);
INSERT INTO table_entries_with_tags VALUES(1043,20);
INSERT INTO table_entries_with_tags VALUES(1043,22);
INSERT INTO table_entries_with_tags VALUES(1044,20);
INSERT INTO table_entries_with_tags VALUES(1045,20);
INSERT INTO table_entries_with_tags VALUES(1046,20);
INSERT INTO table_entries_with_tags VALUES(1047,20);
INSERT INTO table_entries_with_tags VALUES(1048,20);
INSERT INTO table_entries_with_tags VALUES(1048,14);
INSERT INTO table_entries_with_tags VALUES(1049,20);
INSERT INTO table_entries_with_tags VALUES(1049,14);
INSERT INTO table_entries_with_tags VALUES(1050,20);
INSERT INTO table_entries_with_tags VALUES(1050,22);
INSERT INTO table_entries_with_tags VALUES(1051,20);
INSERT INTO table_entries_with_tags VALUES(1052,20);
INSERT INTO table_entries_with_tags VALUES(1053,20);
INSERT INTO table_entries_with_tags VALUES(1053,14);
INSERT INTO table_entries_with_tags VALUES(1054,20);
INSERT INTO table_entries_with_tags VALUES(1054,14);
INSERT INTO table_entries_with_tags VALUES(1055,20);
INSERT INTO table_entries_with_tags VALUES(1055,22);
INSERT INTO table_entries_with_tags VALUES(1056,20);
INSERT INTO table_entries_with_tags VALUES(1056,16);
INSERT INTO table_entries_with_tags VALUES(1057,20);
INSERT INTO table_entries_with_tags VALUES(1058,20);
INSERT INTO table_entries_with_tags VALUES(1058,14);
INSERT INTO table_entries_with_tags VALUES(1058,16);
INSERT INTO table_entries_with_tags VALUES(1059,16);
INSERT INTO table_entries_with_tags VALUES(1059,18);
INSERT INTO table_entries_with_tags VALUES(1060,20);
INSERT INTO table_entries_with_tags VALUES(1060,22);
INSERT INTO table_entries_with_tags VALUES(1060,18);
INSERT INTO table_entries_with_tags VALUES(1061,17);
INSERT INTO table_entries_with_tags VALUES(1062,20);
INSERT INTO table_entries_with_tags VALUES(1063,14);
INSERT INTO table_entries_with_tags VALUES(1064,19);
INSERT INTO table_entries_with_tags VALUES(1064,20);
INSERT INTO table_entries_with_tags VALUES(1065,20);
INSERT INTO table_entries_with_tags VALUES(1065,22);
INSERT INTO table_entries_with_tags VALUES(1066,20);
INSERT INTO table_entries_with_tags VALUES(1066,22);
INSERT INTO table_entries_with_tags VALUES(1067,20);
INSERT INTO table_entries_with_tags VALUES(1067,17);
INSERT INTO table_entries_with_tags VALUES(1068,20);
INSERT INTO table_entries_with_tags VALUES(1068,22);
INSERT INTO table_entries_with_tags VALUES(1069,20);
INSERT INTO table_entries_with_tags VALUES(1070,20);
INSERT INTO table_entries_with_tags VALUES(1071,20);
INSERT INTO table_entries_with_tags VALUES(1072,20);
INSERT INTO table_entries_with_tags VALUES(1074,22);
INSERT INTO table_entries_with_tags VALUES(1075,20);
INSERT INTO table_entries_with_tags VALUES(1075,17);
INSERT INTO table_entries_with_tags VALUES(1076,22);
INSERT INTO table_entries_with_tags VALUES(1077,17);
INSERT INTO table_entries_with_tags VALUES(1079,20);
INSERT INTO table_entries_with_tags VALUES(1079,14);
INSERT INTO table_entries_with_tags VALUES(1080,22);
INSERT INTO table_entries_with_tags VALUES(1081,17);
INSERT INTO table_entries_with_tags VALUES(1083,22);
INSERT INTO table_entries_with_tags VALUES(1084,17);
INSERT INTO table_entries_with_tags VALUES(1085,22);
INSERT INTO table_entries_with_tags VALUES(1086,20);
INSERT INTO table_entries_with_tags VALUES(1088,20);
INSERT INTO table_entries_with_tags VALUES(1088,22);
INSERT INTO table_entries_with_tags VALUES(1090,20);
INSERT INTO table_entries_with_tags VALUES(1090,22);
INSERT INTO table_entries_with_tags VALUES(1091,20);
INSERT INTO table_entries_with_tags VALUES(1091,22);
INSERT INTO table_entries_with_tags VALUES(1092,20);
INSERT INTO table_entries_with_tags VALUES(1092,14);
INSERT INTO table_entries_with_tags VALUES(1092,17);
INSERT INTO table_entries_with_tags VALUES(1093,20);
INSERT INTO table_entries_with_tags VALUES(1094,20);
INSERT INTO table_entries_with_tags VALUES(1095,20);
INSERT INTO table_entries_with_tags VALUES(1096,20);
INSERT INTO table_entries_with_tags VALUES(1096,22);
INSERT INTO table_entries_with_tags VALUES(1097,20);
INSERT INTO table_entries_with_tags VALUES(1098,20);
INSERT INTO table_entries_with_tags VALUES(1098,14);
INSERT INTO table_entries_with_tags VALUES(1099,20);
INSERT INTO table_entries_with_tags VALUES(1099,22);
INSERT INTO table_entries_with_tags VALUES(1100,20);
INSERT INTO table_entries_with_tags VALUES(1100,22);
INSERT INTO table_entries_with_tags VALUES(1101,20);
INSERT INTO table_entries_with_tags VALUES(1102,20);
INSERT INTO table_entries_with_tags VALUES(1103,20);
INSERT INTO table_entries_with_tags VALUES(1103,21);
INSERT INTO table_entries_with_tags VALUES(1103,22);
INSERT INTO table_entries_with_tags VALUES(1103,14);
INSERT INTO table_entries_with_tags VALUES(1104,20);
INSERT INTO table_entries_with_tags VALUES(1104,22);
INSERT INTO table_entries_with_tags VALUES(1104,17);
INSERT INTO table_entries_with_tags VALUES(1105,20);
INSERT INTO table_entries_with_tags VALUES(1105,21);
INSERT INTO table_entries_with_tags VALUES(1105,17);
INSERT INTO table_entries_with_tags VALUES(1106,20);
INSERT INTO table_entries_with_tags VALUES(1106,21);
INSERT INTO table_entries_with_tags VALUES(1107,20);
INSERT INTO table_entries_with_tags VALUES(1107,21);
INSERT INTO table_entries_with_tags VALUES(1108,20);
INSERT INTO table_entries_with_tags VALUES(1108,21);
INSERT INTO table_entries_with_tags VALUES(1109,20);
INSERT INTO table_entries_with_tags VALUES(1109,22);
INSERT INTO table_entries_with_tags VALUES(1110,20);
INSERT INTO table_entries_with_tags VALUES(1111,20);
INSERT INTO table_entries_with_tags VALUES(1112,20);
INSERT INTO table_entries_with_tags VALUES(1112,21);
INSERT INTO table_entries_with_tags VALUES(1112,22);
INSERT INTO table_entries_with_tags VALUES(1112,14);
INSERT INTO table_entries_with_tags VALUES(1113,20);
INSERT INTO table_entries_with_tags VALUES(1113,21);
INSERT INTO table_entries_with_tags VALUES(1114,19);
INSERT INTO table_entries_with_tags VALUES(1114,20);
INSERT INTO table_entries_with_tags VALUES(1116,22);
INSERT INTO table_entries_with_tags VALUES(1117,15);
INSERT INTO table_entries_with_tags VALUES(1117,20);
INSERT INTO table_entries_with_tags VALUES(1118,20);
INSERT INTO table_entries_with_tags VALUES(1118,16);
INSERT INTO table_entries_with_tags VALUES(1119,21);
INSERT INTO table_entries_with_tags VALUES(1120,20);
INSERT INTO table_entries_with_tags VALUES(1120,14);
INSERT INTO table_entries_with_tags VALUES(1121,22);
INSERT INTO table_entries_with_tags VALUES(1122,15);
INSERT INTO table_entries_with_tags VALUES(1123,23);
INSERT INTO table_entries_with_tags VALUES(1123,20);
INSERT INTO table_entries_with_tags VALUES(1123,21);
INSERT INTO table_entries_with_tags VALUES(1124,20);
INSERT INTO table_entries_with_tags VALUES(1124,22);
INSERT INTO table_entries_with_tags VALUES(1126,20);
INSERT INTO table_entries_with_tags VALUES(1127,20);
INSERT INTO table_entries_with_tags VALUES(1128,21);
INSERT INTO table_entries_with_tags VALUES(1129,15);
INSERT INTO table_entries_with_tags VALUES(1129,20);
INSERT INTO table_entries_with_tags VALUES(1130,20);
INSERT INTO table_entries_with_tags VALUES(1131,20);
CREATE TABLE table_moods (id INTEGER PRIMARY KEY AUTOINCREMENT, name TEXT, icon INTEGER, mood_group INTEGER, order_number INTEGER, predefined_name_id INTEGER, is_active INTEGER, created_at INTEGER);
INSERT INTO table_moods VALUES(1,'',1,1,0,1,1,0);
INSERT INTO table_moods VALUES(2,'',2,2,0,2,1,0);
INSERT INTO table_moods VALUES(3,'',3,3,0,3,1,0);
INSERT INTO table_moods VALUES(4,'',4,4,0,4,1,0);
INSERT INTO table_moods VALUES(5,'',5,5,0,5,1,0);
CREATE TABLE table_goals (id INTEGER PRIMARY KEY AUTOINCREMENT, goal_id INTEGER, note TEXT, created_at INTEGER, reminder_minute INTEGER, reminder_hour INTEGER, reminder_enabled INTEGER, state INTEGER, repeat_type INTEGER, repeat_value INTEGER, id_tag INTEGER, order_number INTEGER DEFAULT 0, end_date INTEGER DEFAULT -1);
DELETE FROM sqlite_sequence;
INSERT INTO sqlite_sequence VALUES('table_tags',23);
INSERT INTO sqlite_sequence VALUES('table_moods',5);
INSERT INTO sqlite_sequence VALUES('table_entries',1133);
CREATE INDEX id_entry_index ON table_entries_with_tags(id_entry);
CREATE INDEX id_tag_index ON table_entries_with_tags(id_tag);
COMMIT;
